
---
events:
  -
    kind: "message-v1"
    backtrace:
      - "C:/Users/diegobaccino/AppData/Local/vcpkg/downloads/tools/cmake-3.30.1-windows/cmake-3.30.1-windows-i386/share/cmake-3.30/Modules/CMakeDetermineSystem.cmake:205 (message)"
      - "CMakeLists.txt:9 (project)"
    message: |
      The system is: Windows - 10.0.26200 - AMD64
  -
    kind: "message-v1"
    backtrace:
      - "C:/Users/diegobaccino/AppData/Local/vcpkg/downloads/tools/cmake-3.30.1-windows/cmake-3.30.1-windows-i386/share/cmake-3.30/Modules/CMakeDetermineCompilerId.cmake:17 (message)"
      - "C:/Users/diegobaccino/AppData/Local/vcpkg/downloads/tools/cmake-3.30.1-windows/cmake-3.30.1-windows-i386/share/cmake-3.30/Modules/CMakeDetermineCompilerId.cmake:64 (__determine_compiler_id_test)"
      - "C:/Users/diegobaccino/AppData/Local/vcpkg/downloads/tools/cmake-3.30.1-windows/cmake-3.30.1-windows-i386/share/cmake-3.30/Modules/CMakeDetermineCCompiler.cmake:123 (CMAKE_DETERMINE_COMPILER_ID)"
      - "CMakeLists.txt:9 (project)"
    message: |
      Compiling the C compiler identification source file "CMakeCCompilerId.c" succeeded.
      Compiler: C:/Program Files (x86)/Microsoft Visual Studio/2022/BuildTools/VC/Tools/MSVC/14.44.35207/bin/Hostx64/x64/cl.exe 
      Build flags: /nologo;/DWIN32;/D_WINDOWS;/utf-8;/MP
      Id flags:  
      
      The output was:
      0
      CMakeCCompilerId.c
      
      
      Compilation of the C compiler identification source "CMakeCCompilerId.c" produced "CMakeCCompilerId.exe"
      
      Compilation of the C compiler identification source "CMakeCCompilerId.c" produced "CMakeCCompilerId.obj"
      
      The C compiler identification is MSVC, found in:
        C:/Source/projectm/vcpkg_installed/vcpkg/blds/sdl2/x64-windows-dbg/CMakeFiles/3.30.1/CompilerIdC/CMakeCCompilerId.exe
      
  -
    kind: "message-v1"
    backtrace:
      - "C:/Users/diegobaccino/AppData/Local/vcpkg/downloads/tools/cmake-3.30.1-windows/cmake-3.30.1-windows-i386/share/cmake-3.30/Modules/CMakeDetermineCompilerId.cmake:1243 (message)"
      - "C:/Users/diegobaccino/AppData/Local/vcpkg/downloads/tools/cmake-3.30.1-windows/cmake-3.30.1-windows-i386/share/cmake-3.30/Modules/CMakeDetermineCompilerId.cmake:250 (CMAKE_DETERMINE_MSVC_SHOWINCLUDES_PREFIX)"
      - "C:/Users/diegobaccino/AppData/Local/vcpkg/downloads/tools/cmake-3.30.1-windows/cmake-3.30.1-windows-i386/share/cmake-3.30/Modules/CMakeDetermineCCompiler.cmake:123 (CMAKE_DETERMINE_COMPILER_ID)"
      - "CMakeLists.txt:9 (project)"
    message: |
      Detecting C compiler /showIncludes prefix:
        main.c
        Note: including file: C:\\Source\\projectm\\vcpkg_installed\\vcpkg\\blds\\sdl2\\x64-windows-dbg\\CMakeFiles\\ShowIncludes\\foo.h
        
      Found prefix "Note: including file: "
  -
    kind: "try_compile-v1"
    backtrace:
      - "C:/Users/diegobaccino/AppData/Local/vcpkg/downloads/tools/cmake-3.30.1-windows/cmake-3.30.1-windows-i386/share/cmake-3.30/Modules/CMakeDetermineCompilerABI.cmake:74 (try_compile)"
      - "C:/Users/diegobaccino/AppData/Local/vcpkg/downloads/tools/cmake-3.30.1-windows/cmake-3.30.1-windows-i386/share/cmake-3.30/Modules/CMakeTestCCompiler.cmake:26 (CMAKE_DETERMINE_COMPILER_ABI)"
      - "CMakeLists.txt:9 (project)"
    checks:
      - "Detecting C compiler ABI info"
    directories:
      source: "C:/Source/projectm/vcpkg_installed/vcpkg/blds/sdl2/x64-windows-dbg/CMakeFiles/CMakeScratch/TryCompile-0ggcxj"
      binary: "C:/Source/projectm/vcpkg_installed/vcpkg/blds/sdl2/x64-windows-dbg/CMakeFiles/CMakeScratch/TryCompile-0ggcxj"
    cmakeVariables:
      CMAKE_C_FLAGS: " /nologo /DWIN32 /D_WINDOWS /utf-8 /MP "
      CMAKE_C_FLAGS_DEBUG: "/MDd /Z7 /Ob0 /Od /RTC1 "
      CMAKE_EXE_LINKER_FLAGS: "/machine:x64"
      CMAKE_MSVC_DEBUG_INFORMATION_FORMAT: ""
      CMAKE_MSVC_RUNTIME_LIBRARY: "MultiThreaded$<$<CONFIG:Debug>:Debug>$<$<STREQUAL:dynamic,dynamic>:DLL>"
      VCPKG_CHAINLOAD_TOOLCHAIN_FILE: "C:/Program Files (x86)/Microsoft Visual Studio/2022/BuildTools/VC/vcpkg/scripts/toolchains/windows.cmake"
      VCPKG_CRT_LINKAGE: "dynamic"
      VCPKG_CXX_FLAGS: ""
      VCPKG_CXX_FLAGS_DEBUG: ""
      VCPKG_CXX_FLAGS_RELEASE: ""
      VCPKG_C_FLAGS: ""
      VCPKG_C_FLAGS_DEBUG: ""
      VCPKG_C_FLAGS_RELEASE: ""
      VCPKG_INSTALLED_DIR: "C:/Source/projectm/vcpkg_installed"
      VCPKG_LINKER_FLAGS: ""
      VCPKG_LINKER_FLAGS_DEBUG: ""
      VCPKG_LINKER_FLAGS_RELEASE: ""
      VCPKG_PLATFORM_TOOLSET: "v143"
      VCPKG_PREFER_SYSTEM_LIBS: "OFF"
      VCPKG_SET_CHARSET_FLAG: "ON"
      VCPKG_TARGET_ARCHITECTURE: "x64"
      VCPKG_TARGET_TRIPLET: "x64-windows"
      Z_VCPKG_ROOT_DIR: "C:/Program Files (x86)/Microsoft Visual Studio/2022/BuildTools/VC/vcpkg"
    buildResult:
      variable: "CMAKE_C_ABI_COMPILED"
      cached: true
      stdout: |
        Change Dir: 'C:/Source/projectm/vcpkg_installed/vcpkg/blds/sdl2/x64-windows-dbg/CMakeFiles/CMakeScratch/TryCompile-0ggcxj'
        
        Run Build Command(s): C:/Users/diegobaccino/AppData/Local/vcpkg/downloads/tools/ninja/1.13.1-windows/ninja.exe -v cmTC_dcfe1
        [1/2] C:\\PROGRA~2\\MICROS~2\\2022\\BUILDT~1\\VC\\Tools\\MSVC\\1444~1.352\\bin\\Hostx64\\x64\\cl.exe  /nologo   /nologo /DWIN32 /D_WINDOWS /utf-8 /MP   /MDd /Z7 /Ob0 /Od /RTC1  -MDd /showIncludes /FoCMakeFiles\\cmTC_dcfe1.dir\\CMakeCCompilerABI.c.obj /FdCMakeFiles\\cmTC_dcfe1.dir\\ /FS -c C:\\Users\\diegobaccino\\AppData\\Local\\vcpkg\\downloads\\tools\\cmake-3.30.1-windows\\cmake-3.30.1-windows-i386\\share\\cmake-3.30\\Modules\\CMakeCCompilerABI.c
        [2/2] C:\\WINDOWS\\system32\\cmd.exe /C "cd . && C:\\Users\\diegobaccino\\AppData\\Local\\vcpkg\\downloads\\tools\\cmake-3.30.1-windows\\cmake-3.30.1-windows-i386\\bin\\cmake.exe -E vs_link_exe --intdir=CMakeFiles\\cmTC_dcfe1.dir --rc=C:\\PROGRA~2\\WI3CF2~1\\10\\bin\\100261~1.0\\x64\\rc.exe --mt=C:\\PROGRA~2\\WI3CF2~1\\10\\bin\\100261~1.0\\x64\\mt.exe --manifests  -- C:\\PROGRA~2\\MICROS~2\\2022\\BUILDT~1\\VC\\Tools\\MSVC\\1444~1.352\\bin\\Hostx64\\x64\\link.exe /nologo CMakeFiles\\cmTC_dcfe1.dir\\CMakeCCompilerABI.c.obj  /out:cmTC_dcfe1.exe /implib:cmTC_dcfe1.lib /pdb:cmTC_dcfe1.pdb /version:0.0 /machine:x64  /nologo    /debug /INCREMENTAL /subsystem:console  kernel32.lib user32.lib gdi32.lib winspool.lib shell32.lib ole32.lib oleaut32.lib uuid.lib comdlg32.lib advapi32.lib && cd ."
        
      exitCode: 0
  -
    kind: "message-v1"
    backtrace:
      - "C:/Users/diegobaccino/AppData/Local/vcpkg/downloads/tools/cmake-3.30.1-windows/cmake-3.30.1-windows-i386/share/cmake-3.30/Modules/CMakeDetermineCompilerABI.cmake:218 (message)"
      - "C:/Users/diegobaccino/AppData/Local/vcpkg/downloads/tools/cmake-3.30.1-windows/cmake-3.30.1-windows-i386/share/cmake-3.30/Modules/CMakeTestCCompiler.cmake:26 (CMAKE_DETERMINE_COMPILER_ABI)"
      - "CMakeLists.txt:9 (project)"
    message: |
      Parsed C implicit link information:
        link line regex: [^( *|.*[/\\])(ld[0-9]*(\\.[a-z]+)?|link\\.exe|lld-link(\\.exe)?|CMAKE_LINK_STARTFILE-NOTFOUND|([^/\\]+-)?ld|collect2)[^/\\]*( |$)]
        linker tool regex: [^[ 	]*(->|")?[ 	]*(([^"]*[/\\])?(ld[0-9]*(\\.[a-z]+)?|link\\.exe|lld-link(\\.exe)?))("|,| |$)]
        linker tool for 'C': C:/PROGRA~2/MICROS~2/2022/BUILDT~1/VC/Tools/MSVC/1444~1.352/bin/Hostx64/x64/link.exe
        implicit libs: []
        implicit objs: []
        implicit dirs: []
        implicit fwks: []
      
      
  -
    kind: "message-v1"
    backtrace:
      - "C:/Users/diegobaccino/AppData/Local/vcpkg/downloads/tools/cmake-3.30.1-windows/cmake-3.30.1-windows-i386/share/cmake-3.30/Modules/Internal/CMakeDetermineLinkerId.cmake:40 (message)"
      - "C:/Users/diegobaccino/AppData/Local/vcpkg/downloads/tools/cmake-3.30.1-windows/cmake-3.30.1-windows-i386/share/cmake-3.30/Modules/CMakeDetermineCompilerABI.cmake:255 (cmake_determine_linker_id)"
      - "C:/Users/diegobaccino/AppData/Local/vcpkg/downloads/tools/cmake-3.30.1-windows/cmake-3.30.1-windows-i386/share/cmake-3.30/Modules/CMakeTestCCompiler.cmake:26 (CMAKE_DETERMINE_COMPILER_ABI)"
      - "CMakeLists.txt:9 (project)"
    message: |
      Running the C compiler's linker: "C:/PROGRA~2/MICROS~2/2022/BUILDT~1/VC/Tools/MSVC/1444~1.352/bin/Hostx64/x64/link.exe" "-v"
      Microsoft (R) Incremental Linker Version 14.44.35226.0
      Copyright (C) Microsoft Corporation.  All rights reserved.
  -
    kind: "try_compile-v1"
    backtrace:
      - "C:/Users/diegobaccino/AppData/Local/vcpkg/downloads/tools/cmake-3.30.1-windows/cmake-3.30.1-windows-i386/share/cmake-3.30/Modules/CheckSymbolExists.cmake:154 (try_compile)"
      - "C:/Users/diegobaccino/AppData/Local/vcpkg/downloads/tools/cmake-3.30.1-windows/cmake-3.30.1-windows-i386/share/cmake-3.30/Modules/CheckSymbolExists.cmake:66 (__CHECK_SYMBOL_EXISTS_IMPL)"
      - "CMakeLists.txt:84 (check_symbol_exists)"
    checks:
      - "Looking for __GLIBC__"
    directories:
      source: "C:/Source/projectm/vcpkg_installed/vcpkg/blds/sdl2/x64-windows-dbg/CMakeFiles/CMakeScratch/TryCompile-tuvge5"
      binary: "C:/Source/projectm/vcpkg_installed/vcpkg/blds/sdl2/x64-windows-dbg/CMakeFiles/CMakeScratch/TryCompile-tuvge5"
    cmakeVariables:
      CMAKE_C_FLAGS: " /nologo /DWIN32 /D_WINDOWS /utf-8 /MP "
      CMAKE_C_FLAGS_DEBUG: "/MDd /Z7 /Ob0 /Od /RTC1 "
      CMAKE_EXE_LINKER_FLAGS: "/machine:x64"
      CMAKE_MODULE_PATH: "C:/Source/projectm/vcpkg_installed/vcpkg/blds/sdl2/src/se-2.32.10-3b143ac573.clean/cmake"
      CMAKE_MSVC_DEBUG_INFORMATION_FORMAT: ""
      CMAKE_MSVC_RUNTIME_LIBRARY: "MultiThreaded$<$<CONFIG:Debug>:Debug>$<$<STREQUAL:dynamic,dynamic>:DLL>"
      VCPKG_CHAINLOAD_TOOLCHAIN_FILE: "C:/Program Files (x86)/Microsoft Visual Studio/2022/BuildTools/VC/vcpkg/scripts/toolchains/windows.cmake"
      VCPKG_CRT_LINKAGE: "dynamic"
      VCPKG_CXX_FLAGS: ""
      VCPKG_CXX_FLAGS_DEBUG: ""
      VCPKG_CXX_FLAGS_RELEASE: ""
      VCPKG_C_FLAGS: ""
      VCPKG_C_FLAGS_DEBUG: ""
      VCPKG_C_FLAGS_RELEASE: ""
      VCPKG_INSTALLED_DIR: "C:/Source/projectm/vcpkg_installed"
      VCPKG_LINKER_FLAGS: ""
      VCPKG_LINKER_FLAGS_DEBUG: ""
      VCPKG_LINKER_FLAGS_RELEASE: ""
      VCPKG_PLATFORM_TOOLSET: "v143"
      VCPKG_PREFER_SYSTEM_LIBS: "OFF"
      VCPKG_SET_CHARSET_FLAG: "ON"
      VCPKG_TARGET_ARCHITECTURE: "x64"
      VCPKG_TARGET_TRIPLET: "x64-windows"
      Z_VCPKG_ROOT_DIR: "C:/Program Files (x86)/Microsoft Visual Studio/2022/BuildTools/VC/vcpkg"
    buildResult:
      variable: "LIBC_IS_GLIBC"
      cached: true
      stdout: |
        Change Dir: 'C:/Source/projectm/vcpkg_installed/vcpkg/blds/sdl2/x64-windows-dbg/CMakeFiles/CMakeScratch/TryCompile-tuvge5'
        
        Run Build Command(s): C:/Users/diegobaccino/AppData/Local/vcpkg/downloads/tools/ninja/1.13.1-windows/ninja.exe -v cmTC_2f664
        [1/2] C:\\PROGRA~2\\MICROS~2\\2022\\BUILDT~1\\VC\\Tools\\MSVC\\1444~1.352\\bin\\Hostx64\\x64\\cl.exe  /nologo   /nologo /DWIN32 /D_WINDOWS /utf-8 /MP   /MDd /Z7 /Ob0 /Od /RTC1  -MDd /showIncludes /FoCMakeFiles\\cmTC_2f664.dir\\CheckSymbolExists.c.obj /FdCMakeFiles\\cmTC_2f664.dir\\ /FS -c C:\\Source\\projectm\\vcpkg_installed\\vcpkg\\blds\\sdl2\\x64-windows-dbg\\CMakeFiles\\CMakeScratch\\TryCompile-tuvge5\\CheckSymbolExists.c
        FAILED: [code=2] CMakeFiles/cmTC_2f664.dir/CheckSymbolExists.c.obj 
        C:\\PROGRA~2\\MICROS~2\\2022\\BUILDT~1\\VC\\Tools\\MSVC\\1444~1.352\\bin\\Hostx64\\x64\\cl.exe  /nologo   /nologo /DWIN32 /D_WINDOWS /utf-8 /MP   /MDd /Z7 /Ob0 /Od /RTC1  -MDd /showIncludes /FoCMakeFiles\\cmTC_2f664.dir\\CheckSymbolExists.c.obj /FdCMakeFiles\\cmTC_2f664.dir\\ /FS -c C:\\Source\\projectm\\vcpkg_installed\\vcpkg\\blds\\sdl2\\x64-windows-dbg\\CMakeFiles\\CMakeScratch\\TryCompile-tuvge5\\CheckSymbolExists.c
        C:\\Source\\projectm\\vcpkg_installed\\vcpkg\\blds\\sdl2\\x64-windows-dbg\\CMakeFiles\\CMakeScratch\\TryCompile-tuvge5\\CheckSymbolExists.c(8): error C2065: '__GLIBC__': undeclared identifier
        ninja: build stopped: subcommand failed.
        
      exitCode: 2
  -
    kind: "try_compile-v1"
    backtrace:
      - "C:/Users/diegobaccino/AppData/Local/vcpkg/downloads/tools/cmake-3.30.1-windows/cmake-3.30.1-windows-i386/share/cmake-3.30/Modules/Internal/CheckSourceCompiles.cmake:101 (try_compile)"
      - "C:/Users/diegobaccino/AppData/Local/vcpkg/downloads/tools/cmake-3.30.1-windows/cmake-3.30.1-windows-i386/share/cmake-3.30/Modules/CheckCSourceCompiles.cmake:52 (cmake_check_source_compiles)"
      - "cmake/CheckCPUArchitecture.cmake:17 (check_c_source_compiles)"
      - "cmake/CheckCPUArchitecture.cmake:28 (_internal_check_cpu_architecture)"
      - "CMakeLists.txt:141 (check_cpu_architecture)"
    checks:
      - "Performing Test CHECK_CPU_ARCHITECTURE_X86"
    directories:
      source: "C:/Source/projectm/vcpkg_installed/vcpkg/blds/sdl2/x64-windows-dbg/CMakeFiles/CMakeScratch/TryCompile-dbzne3"
      binary: "C:/Source/projectm/vcpkg_installed/vcpkg/blds/sdl2/x64-windows-dbg/CMakeFiles/CMakeScratch/TryCompile-dbzne3"
    cmakeVariables:
      CMAKE_C_FLAGS: " /nologo /DWIN32 /D_WINDOWS /utf-8 /MP "
      CMAKE_C_FLAGS_DEBUG: "/MDd /Z7 /Ob0 /Od /RTC1 "
      CMAKE_EXE_LINKER_FLAGS: "/machine:x64"
      CMAKE_MODULE_PATH: "C:/Source/projectm/vcpkg_installed/vcpkg/blds/sdl2/src/se-2.32.10-3b143ac573.clean/cmake"
      CMAKE_MSVC_DEBUG_INFORMATION_FORMAT: ""
      CMAKE_MSVC_RUNTIME_LIBRARY: "MultiThreaded$<$<CONFIG:Debug>:Debug>$<$<STREQUAL:dynamic,dynamic>:DLL>"
      VCPKG_CHAINLOAD_TOOLCHAIN_FILE: "C:/Program Files (x86)/Microsoft Visual Studio/2022/BuildTools/VC/vcpkg/scripts/toolchains/windows.cmake"
      VCPKG_CRT_LINKAGE: "dynamic"
      VCPKG_CXX_FLAGS: ""
      VCPKG_CXX_FLAGS_DEBUG: ""
      VCPKG_CXX_FLAGS_RELEASE: ""
      VCPKG_C_FLAGS: ""
      VCPKG_C_FLAGS_DEBUG: ""
      VCPKG_C_FLAGS_RELEASE: ""
      VCPKG_INSTALLED_DIR: "C:/Source/projectm/vcpkg_installed"
      VCPKG_LINKER_FLAGS: ""
      VCPKG_LINKER_FLAGS_DEBUG: ""
      VCPKG_LINKER_FLAGS_RELEASE: ""
      VCPKG_PLATFORM_TOOLSET: "v143"
      VCPKG_PREFER_SYSTEM_LIBS: "OFF"
      VCPKG_SET_CHARSET_FLAG: "ON"
      VCPKG_TARGET_ARCHITECTURE: "x64"
      VCPKG_TARGET_TRIPLET: "x64-windows"
      Z_VCPKG_ROOT_DIR: "C:/Program Files (x86)/Microsoft Visual Studio/2022/BuildTools/VC/vcpkg"
    buildResult:
      variable: "CHECK_CPU_ARCHITECTURE_X86"
      cached: true
      stdout: |
        Change Dir: 'C:/Source/projectm/vcpkg_installed/vcpkg/blds/sdl2/x64-windows-dbg/CMakeFiles/CMakeScratch/TryCompile-dbzne3'
        
        Run Build Command(s): C:/Users/diegobaccino/AppData/Local/vcpkg/downloads/tools/ninja/1.13.1-windows/ninja.exe -v cmTC_c854b
        [1/2] C:\\PROGRA~2\\MICROS~2\\2022\\BUILDT~1\\VC\\Tools\\MSVC\\1444~1.352\\bin\\Hostx64\\x64\\cl.exe  /nologo -DCHECK_CPU_ARCHITECTURE_X86  /nologo /DWIN32 /D_WINDOWS /utf-8 /MP   /MDd /Z7 /Ob0 /Od /RTC1  -MDd /showIncludes /FoCMakeFiles\\cmTC_c854b.dir\\src.c.obj /FdCMakeFiles\\cmTC_c854b.dir\\ /FS -c C:\\Source\\projectm\\vcpkg_installed\\vcpkg\\blds\\sdl2\\x64-windows-dbg\\CMakeFiles\\CMakeScratch\\TryCompile-dbzne3\\src.c
        FAILED: [code=2] CMakeFiles/cmTC_c854b.dir/src.c.obj 
        C:\\PROGRA~2\\MICROS~2\\2022\\BUILDT~1\\VC\\Tools\\MSVC\\1444~1.352\\bin\\Hostx64\\x64\\cl.exe  /nologo -DCHECK_CPU_ARCHITECTURE_X86  /nologo /DWIN32 /D_WINDOWS /utf-8 /MP   /MDd /Z7 /Ob0 /Od /RTC1  -MDd /showIncludes /FoCMakeFiles\\cmTC_c854b.dir\\src.c.obj /FdCMakeFiles\\cmTC_c854b.dir\\ /FS -c C:\\Source\\projectm\\vcpkg_installed\\vcpkg\\blds\\sdl2\\x64-windows-dbg\\CMakeFiles\\CMakeScratch\\TryCompile-dbzne3\\src.c
        C:\\Source\\projectm\\vcpkg_installed\\vcpkg\\blds\\sdl2\\x64-windows-dbg\\CMakeFiles\\CMakeScratch\\TryCompile-dbzne3\\src.c(6): error C2065: 'choke': undeclared identifier
        C:\\Source\\projectm\\vcpkg_installed\\vcpkg\\blds\\sdl2\\x64-windows-dbg\\CMakeFiles\\CMakeScratch\\TryCompile-dbzne3\\src.c(8): error C2143: syntax error: missing ';' before '}'
        ninja: build stopped: subcommand failed.
        
      exitCode: 2
  -
    kind: "try_compile-v1"
    backtrace:
      - "C:/Users/diegobaccino/AppData/Local/vcpkg/downloads/tools/cmake-3.30.1-windows/cmake-3.30.1-windows-i386/share/cmake-3.30/Modules/Internal/CheckSourceCompiles.cmake:101 (try_compile)"
      - "C:/Users/diegobaccino/AppData/Local/vcpkg/downloads/tools/cmake-3.30.1-windows/cmake-3.30.1-windows-i386/share/cmake-3.30/Modules/CheckCSourceCompiles.cmake:52 (cmake_check_source_compiles)"
      - "cmake/CheckCPUArchitecture.cmake:17 (check_c_source_compiles)"
      - "cmake/CheckCPUArchitecture.cmake:30 (_internal_check_cpu_architecture)"
      - "CMakeLists.txt:142 (check_cpu_architecture)"
    checks:
      - "Performing Test CHECK_CPU_ARCHITECTURE_X64"
    directories:
      source: "C:/Source/projectm/vcpkg_installed/vcpkg/blds/sdl2/x64-windows-dbg/CMakeFiles/CMakeScratch/TryCompile-d9416u"
      binary: "C:/Source/projectm/vcpkg_installed/vcpkg/blds/sdl2/x64-windows-dbg/CMakeFiles/CMakeScratch/TryCompile-d9416u"
    cmakeVariables:
      CMAKE_C_FLAGS: " /nologo /DWIN32 /D_WINDOWS /utf-8 /MP "
      CMAKE_C_FLAGS_DEBUG: "/MDd /Z7 /Ob0 /Od /RTC1 "
      CMAKE_EXE_LINKER_FLAGS: "/machine:x64"
      CMAKE_MODULE_PATH: "C:/Source/projectm/vcpkg_installed/vcpkg/blds/sdl2/src/se-2.32.10-3b143ac573.clean/cmake"
      CMAKE_MSVC_DEBUG_INFORMATION_FORMAT: ""
      CMAKE_MSVC_RUNTIME_LIBRARY: "MultiThreaded$<$<CONFIG:Debug>:Debug>$<$<STREQUAL:dynamic,dynamic>:DLL>"
      VCPKG_CHAINLOAD_TOOLCHAIN_FILE: "C:/Program Files (x86)/Microsoft Visual Studio/2022/BuildTools/VC/vcpkg/scripts/toolchains/windows.cmake"
      VCPKG_CRT_LINKAGE: "dynamic"
      VCPKG_CXX_FLAGS: ""
      VCPKG_CXX_FLAGS_DEBUG: ""
      VCPKG_CXX_FLAGS_RELEASE: ""
      VCPKG_C_FLAGS: ""
      VCPKG_C_FLAGS_DEBUG: ""
      VCPKG_C_FLAGS_RELEASE: ""
      VCPKG_INSTALLED_DIR: "C:/Source/projectm/vcpkg_installed"
      VCPKG_LINKER_FLAGS: ""
      VCPKG_LINKER_FLAGS_DEBUG: ""
      VCPKG_LINKER_FLAGS_RELEASE: ""
      VCPKG_PLATFORM_TOOLSET: "v143"
      VCPKG_PREFER_SYSTEM_LIBS: "OFF"
      VCPKG_SET_CHARSET_FLAG: "ON"
      VCPKG_TARGET_ARCHITECTURE: "x64"
      VCPKG_TARGET_TRIPLET: "x64-windows"
      Z_VCPKG_ROOT_DIR: "C:/Program Files (x86)/Microsoft Visual Studio/2022/BuildTools/VC/vcpkg"
    buildResult:
      variable: "CHECK_CPU_ARCHITECTURE_X64"
      cached: true
      stdout: |
        Change Dir: 'C:/Source/projectm/vcpkg_installed/vcpkg/blds/sdl2/x64-windows-dbg/CMakeFiles/CMakeScratch/TryCompile-d9416u'
        
        Run Build Command(s): C:/Users/diegobaccino/AppData/Local/vcpkg/downloads/tools/ninja/1.13.1-windows/ninja.exe -v cmTC_b549d
        [1/2] C:\\PROGRA~2\\MICROS~2\\2022\\BUILDT~1\\VC\\Tools\\MSVC\\1444~1.352\\bin\\Hostx64\\x64\\cl.exe  /nologo -DCHECK_CPU_ARCHITECTURE_X64  /nologo /DWIN32 /D_WINDOWS /utf-8 /MP   /MDd /Z7 /Ob0 /Od /RTC1  -MDd /showIncludes /FoCMakeFiles\\cmTC_b549d.dir\\src.c.obj /FdCMakeFiles\\cmTC_b549d.dir\\ /FS -c C:\\Source\\projectm\\vcpkg_installed\\vcpkg\\blds\\sdl2\\x64-windows-dbg\\CMakeFiles\\CMakeScratch\\TryCompile-d9416u\\src.c
        [2/2] C:\\WINDOWS\\system32\\cmd.exe /C "cd . && C:\\Users\\diegobaccino\\AppData\\Local\\vcpkg\\downloads\\tools\\cmake-3.30.1-windows\\cmake-3.30.1-windows-i386\\bin\\cmake.exe -E vs_link_exe --intdir=CMakeFiles\\cmTC_b549d.dir --rc=C:\\PROGRA~2\\WI3CF2~1\\10\\bin\\100261~1.0\\x64\\rc.exe --mt=C:\\PROGRA~2\\WI3CF2~1\\10\\bin\\100261~1.0\\x64\\mt.exe --manifests  -- C:\\PROGRA~2\\MICROS~2\\2022\\BUILDT~1\\VC\\Tools\\MSVC\\1444~1.352\\bin\\Hostx64\\x64\\link.exe /nologo CMakeFiles\\cmTC_b549d.dir\\src.c.obj  /out:cmTC_b549d.exe /implib:cmTC_b549d.lib /pdb:cmTC_b549d.pdb /version:0.0 /machine:x64  /nologo    /debug /INCREMENTAL /subsystem:console  kernel32.lib user32.lib gdi32.lib winspool.lib shell32.lib ole32.lib oleaut32.lib uuid.lib comdlg32.lib advapi32.lib && cd ."
        
      exitCode: 0
  -
    kind: "try_compile-v1"
    backtrace:
      - "C:/Users/diegobaccino/AppData/Local/vcpkg/downloads/tools/cmake-3.30.1-windows/cmake-3.30.1-windows-i386/share/cmake-3.30/Modules/Internal/CheckSourceCompiles.cmake:101 (try_compile)"
      - "C:/Users/diegobaccino/AppData/Local/vcpkg/downloads/tools/cmake-3.30.1-windows/cmake-3.30.1-windows-i386/share/cmake-3.30/Modules/CheckCSourceCompiles.cmake:52 (cmake_check_source_compiles)"
      - "cmake/CheckCPUArchitecture.cmake:17 (check_c_source_compiles)"
      - "cmake/CheckCPUArchitecture.cmake:32 (_internal_check_cpu_architecture)"
      - "CMakeLists.txt:143 (check_cpu_architecture)"
    checks:
      - "Performing Test CHECK_CPU_ARCHITECTURE_ARM32"
    directories:
      source: "C:/Source/projectm/vcpkg_installed/vcpkg/blds/sdl2/x64-windows-dbg/CMakeFiles/CMakeScratch/TryCompile-3st5ic"
      binary: "C:/Source/projectm/vcpkg_installed/vcpkg/blds/sdl2/x64-windows-dbg/CMakeFiles/CMakeScratch/TryCompile-3st5ic"
    cmakeVariables:
      CMAKE_C_FLAGS: " /nologo /DWIN32 /D_WINDOWS /utf-8 /MP "
      CMAKE_C_FLAGS_DEBUG: "/MDd /Z7 /Ob0 /Od /RTC1 "
      CMAKE_EXE_LINKER_FLAGS: "/machine:x64"
      CMAKE_MODULE_PATH: "C:/Source/projectm/vcpkg_installed/vcpkg/blds/sdl2/src/se-2.32.10-3b143ac573.clean/cmake"
      CMAKE_MSVC_DEBUG_INFORMATION_FORMAT: ""
      CMAKE_MSVC_RUNTIME_LIBRARY: "MultiThreaded$<$<CONFIG:Debug>:Debug>$<$<STREQUAL:dynamic,dynamic>:DLL>"
      VCPKG_CHAINLOAD_TOOLCHAIN_FILE: "C:/Program Files (x86)/Microsoft Visual Studio/2022/BuildTools/VC/vcpkg/scripts/toolchains/windows.cmake"
      VCPKG_CRT_LINKAGE: "dynamic"
      VCPKG_CXX_FLAGS: ""
      VCPKG_CXX_FLAGS_DEBUG: ""
      VCPKG_CXX_FLAGS_RELEASE: ""
      VCPKG_C_FLAGS: ""
      VCPKG_C_FLAGS_DEBUG: ""
      VCPKG_C_FLAGS_RELEASE: ""
      VCPKG_INSTALLED_DIR: "C:/Source/projectm/vcpkg_installed"
      VCPKG_LINKER_FLAGS: ""
      VCPKG_LINKER_FLAGS_DEBUG: ""
      VCPKG_LINKER_FLAGS_RELEASE: ""
      VCPKG_PLATFORM_TOOLSET: "v143"
      VCPKG_PREFER_SYSTEM_LIBS: "OFF"
      VCPKG_SET_CHARSET_FLAG: "ON"
      VCPKG_TARGET_ARCHITECTURE: "x64"
      VCPKG_TARGET_TRIPLET: "x64-windows"
      Z_VCPKG_ROOT_DIR: "C:/Program Files (x86)/Microsoft Visual Studio/2022/BuildTools/VC/vcpkg"
    buildResult:
      variable: "CHECK_CPU_ARCHITECTURE_ARM32"
      cached: true
      stdout: |
        Change Dir: 'C:/Source/projectm/vcpkg_installed/vcpkg/blds/sdl2/x64-windows-dbg/CMakeFiles/CMakeScratch/TryCompile-3st5ic'
        
        Run Build Command(s): C:/Users/diegobaccino/AppData/Local/vcpkg/downloads/tools/ninja/1.13.1-windows/ninja.exe -v cmTC_16efb
        [1/2] C:\\PROGRA~2\\MICROS~2\\2022\\BUILDT~1\\VC\\Tools\\MSVC\\1444~1.352\\bin\\Hostx64\\x64\\cl.exe  /nologo -DCHECK_CPU_ARCHITECTURE_ARM32  /nologo /DWIN32 /D_WINDOWS /utf-8 /MP   /MDd /Z7 /Ob0 /Od /RTC1  -MDd /showIncludes /FoCMakeFiles\\cmTC_16efb.dir\\src.c.obj /FdCMakeFiles\\cmTC_16efb.dir\\ /FS -c C:\\Source\\projectm\\vcpkg_installed\\vcpkg\\blds\\sdl2\\x64-windows-dbg\\CMakeFiles\\CMakeScratch\\TryCompile-3st5ic\\src.c
        FAILED: [code=2] CMakeFiles/cmTC_16efb.dir/src.c.obj 
        C:\\PROGRA~2\\MICROS~2\\2022\\BUILDT~1\\VC\\Tools\\MSVC\\1444~1.352\\bin\\Hostx64\\x64\\cl.exe  /nologo -DCHECK_CPU_ARCHITECTURE_ARM32  /nologo /DWIN32 /D_WINDOWS /utf-8 /MP   /MDd /Z7 /Ob0 /Od /RTC1  -MDd /showIncludes /FoCMakeFiles\\cmTC_16efb.dir\\src.c.obj /FdCMakeFiles\\cmTC_16efb.dir\\ /FS -c C:\\Source\\projectm\\vcpkg_installed\\vcpkg\\blds\\sdl2\\x64-windows-dbg\\CMakeFiles\\CMakeScratch\\TryCompile-3st5ic\\src.c
        C:\\Source\\projectm\\vcpkg_installed\\vcpkg\\blds\\sdl2\\x64-windows-dbg\\CMakeFiles\\CMakeScratch\\TryCompile-3st5ic\\src.c(6): error C2065: 'choke': undeclared identifier
        C:\\Source\\projectm\\vcpkg_installed\\vcpkg\\blds\\sdl2\\x64-windows-dbg\\CMakeFiles\\CMakeScratch\\TryCompile-3st5ic\\src.c(8): error C2143: syntax error: missing ';' before '}'
        ninja: build stopped: subcommand failed.
        
      exitCode: 2
  -
    kind: "try_compile-v1"
    backtrace:
      - "C:/Users/diegobaccino/AppData/Local/vcpkg/downloads/tools/cmake-3.30.1-windows/cmake-3.30.1-windows-i386/share/cmake-3.30/Modules/Internal/CheckSourceCompiles.cmake:101 (try_compile)"
      - "C:/Users/diegobaccino/AppData/Local/vcpkg/downloads/tools/cmake-3.30.1-windows/cmake-3.30.1-windows-i386/share/cmake-3.30/Modules/CheckCSourceCompiles.cmake:52 (cmake_check_source_compiles)"
      - "cmake/CheckCPUArchitecture.cmake:17 (check_c_source_compiles)"
      - "cmake/CheckCPUArchitecture.cmake:34 (_internal_check_cpu_architecture)"
      - "CMakeLists.txt:144 (check_cpu_architecture)"
    checks:
      - "Performing Test CHECK_CPU_ARCHITECTURE_ARM64"
    directories:
      source: "C:/Source/projectm/vcpkg_installed/vcpkg/blds/sdl2/x64-windows-dbg/CMakeFiles/CMakeScratch/TryCompile-rm7kjy"
      binary: "C:/Source/projectm/vcpkg_installed/vcpkg/blds/sdl2/x64-windows-dbg/CMakeFiles/CMakeScratch/TryCompile-rm7kjy"
    cmakeVariables:
      CMAKE_C_FLAGS: " /nologo /DWIN32 /D_WINDOWS /utf-8 /MP "
      CMAKE_C_FLAGS_DEBUG: "/MDd /Z7 /Ob0 /Od /RTC1 "
      CMAKE_EXE_LINKER_FLAGS: "/machine:x64"
      CMAKE_MODULE_PATH: "C:/Source/projectm/vcpkg_installed/vcpkg/blds/sdl2/src/se-2.32.10-3b143ac573.clean/cmake"
      CMAKE_MSVC_DEBUG_INFORMATION_FORMAT: ""
      CMAKE_MSVC_RUNTIME_LIBRARY: "MultiThreaded$<$<CONFIG:Debug>:Debug>$<$<STREQUAL:dynamic,dynamic>:DLL>"
      VCPKG_CHAINLOAD_TOOLCHAIN_FILE: "C:/Program Files (x86)/Microsoft Visual Studio/2022/BuildTools/VC/vcpkg/scripts/toolchains/windows.cmake"
      VCPKG_CRT_LINKAGE: "dynamic"
      VCPKG_CXX_FLAGS: ""
      VCPKG_CXX_FLAGS_DEBUG: ""
      VCPKG_CXX_FLAGS_RELEASE: ""
      VCPKG_C_FLAGS: ""
      VCPKG_C_FLAGS_DEBUG: ""
      VCPKG_C_FLAGS_RELEASE: ""
      VCPKG_INSTALLED_DIR: "C:/Source/projectm/vcpkg_installed"
      VCPKG_LINKER_FLAGS: ""
      VCPKG_LINKER_FLAGS_DEBUG: ""
      VCPKG_LINKER_FLAGS_RELEASE: ""
      VCPKG_PLATFORM_TOOLSET: "v143"
      VCPKG_PREFER_SYSTEM_LIBS: "OFF"
      VCPKG_SET_CHARSET_FLAG: "ON"
      VCPKG_TARGET_ARCHITECTURE: "x64"
      VCPKG_TARGET_TRIPLET: "x64-windows"
      Z_VCPKG_ROOT_DIR: "C:/Program Files (x86)/Microsoft Visual Studio/2022/BuildTools/VC/vcpkg"
    buildResult:
      variable: "CHECK_CPU_ARCHITECTURE_ARM64"
      cached: true
      stdout: |
        Change Dir: 'C:/Source/projectm/vcpkg_installed/vcpkg/blds/sdl2/x64-windows-dbg/CMakeFiles/CMakeScratch/TryCompile-rm7kjy'
        
        Run Build Command(s): C:/Users/diegobaccino/AppData/Local/vcpkg/downloads/tools/ninja/1.13.1-windows/ninja.exe -v cmTC_564af
        [1/2] C:\\PROGRA~2\\MICROS~2\\2022\\BUILDT~1\\VC\\Tools\\MSVC\\1444~1.352\\bin\\Hostx64\\x64\\cl.exe  /nologo -DCHECK_CPU_ARCHITECTURE_ARM64  /nologo /DWIN32 /D_WINDOWS /utf-8 /MP   /MDd /Z7 /Ob0 /Od /RTC1  -MDd /showIncludes /FoCMakeFiles\\cmTC_564af.dir\\src.c.obj /FdCMakeFiles\\cmTC_564af.dir\\ /FS -c C:\\Source\\projectm\\vcpkg_installed\\vcpkg\\blds\\sdl2\\x64-windows-dbg\\CMakeFiles\\CMakeScratch\\TryCompile-rm7kjy\\src.c
        FAILED: [code=2] CMakeFiles/cmTC_564af.dir/src.c.obj 
        C:\\PROGRA~2\\MICROS~2\\2022\\BUILDT~1\\VC\\Tools\\MSVC\\1444~1.352\\bin\\Hostx64\\x64\\cl.exe  /nologo -DCHECK_CPU_ARCHITECTURE_ARM64  /nologo /DWIN32 /D_WINDOWS /utf-8 /MP   /MDd /Z7 /Ob0 /Od /RTC1  -MDd /showIncludes /FoCMakeFiles\\cmTC_564af.dir\\src.c.obj /FdCMakeFiles\\cmTC_564af.dir\\ /FS -c C:\\Source\\projectm\\vcpkg_installed\\vcpkg\\blds\\sdl2\\x64-windows-dbg\\CMakeFiles\\CMakeScratch\\TryCompile-rm7kjy\\src.c
        C:\\Source\\projectm\\vcpkg_installed\\vcpkg\\blds\\sdl2\\x64-windows-dbg\\CMakeFiles\\CMakeScratch\\TryCompile-rm7kjy\\src.c(6): error C2065: 'choke': undeclared identifier
        C:\\Source\\projectm\\vcpkg_installed\\vcpkg\\blds\\sdl2\\x64-windows-dbg\\CMakeFiles\\CMakeScratch\\TryCompile-rm7kjy\\src.c(8): error C2143: syntax error: missing ';' before '}'
        ninja: build stopped: subcommand failed.
        
      exitCode: 2
  -
    kind: "try_compile-v1"
    backtrace:
      - "C:/Users/diegobaccino/AppData/Local/vcpkg/downloads/tools/cmake-3.30.1-windows/cmake-3.30.1-windows-i386/share/cmake-3.30/Modules/Internal/CheckSourceCompiles.cmake:101 (try_compile)"
      - "C:/Users/diegobaccino/AppData/Local/vcpkg/downloads/tools/cmake-3.30.1-windows/cmake-3.30.1-windows-i386/share/cmake-3.30/Modules/CheckCSourceCompiles.cmake:52 (cmake_check_source_compiles)"
      - "cmake/CheckCPUArchitecture.cmake:17 (check_c_source_compiles)"
      - "cmake/CheckCPUArchitecture.cmake:36 (_internal_check_cpu_architecture)"
      - "CMakeLists.txt:145 (check_cpu_architecture)"
    checks:
      - "Performing Test CHECK_CPU_ARCHITECTURE_ARM64EC"
    directories:
      source: "C:/Source/projectm/vcpkg_installed/vcpkg/blds/sdl2/x64-windows-dbg/CMakeFiles/CMakeScratch/TryCompile-ibqbku"
      binary: "C:/Source/projectm/vcpkg_installed/vcpkg/blds/sdl2/x64-windows-dbg/CMakeFiles/CMakeScratch/TryCompile-ibqbku"
    cmakeVariables:
      CMAKE_C_FLAGS: " /nologo /DWIN32 /D_WINDOWS /utf-8 /MP "
      CMAKE_C_FLAGS_DEBUG: "/MDd /Z7 /Ob0 /Od /RTC1 "
      CMAKE_EXE_LINKER_FLAGS: "/machine:x64"
      CMAKE_MODULE_PATH: "C:/Source/projectm/vcpkg_installed/vcpkg/blds/sdl2/src/se-2.32.10-3b143ac573.clean/cmake"
      CMAKE_MSVC_DEBUG_INFORMATION_FORMAT: ""
      CMAKE_MSVC_RUNTIME_LIBRARY: "MultiThreaded$<$<CONFIG:Debug>:Debug>$<$<STREQUAL:dynamic,dynamic>:DLL>"
      VCPKG_CHAINLOAD_TOOLCHAIN_FILE: "C:/Program Files (x86)/Microsoft Visual Studio/2022/BuildTools/VC/vcpkg/scripts/toolchains/windows.cmake"
      VCPKG_CRT_LINKAGE: "dynamic"
      VCPKG_CXX_FLAGS: ""
      VCPKG_CXX_FLAGS_DEBUG: ""
      VCPKG_CXX_FLAGS_RELEASE: ""
      VCPKG_C_FLAGS: ""
      VCPKG_C_FLAGS_DEBUG: ""
      VCPKG_C_FLAGS_RELEASE: ""
      VCPKG_INSTALLED_DIR: "C:/Source/projectm/vcpkg_installed"
      VCPKG_LINKER_FLAGS: ""
      VCPKG_LINKER_FLAGS_DEBUG: ""
      VCPKG_LINKER_FLAGS_RELEASE: ""
      VCPKG_PLATFORM_TOOLSET: "v143"
      VCPKG_PREFER_SYSTEM_LIBS: "OFF"
      VCPKG_SET_CHARSET_FLAG: "ON"
      VCPKG_TARGET_ARCHITECTURE: "x64"
      VCPKG_TARGET_TRIPLET: "x64-windows"
      Z_VCPKG_ROOT_DIR: "C:/Program Files (x86)/Microsoft Visual Studio/2022/BuildTools/VC/vcpkg"
    buildResult:
      variable: "CHECK_CPU_ARCHITECTURE_ARM64EC"
      cached: true
      stdout: |
        Change Dir: 'C:/Source/projectm/vcpkg_installed/vcpkg/blds/sdl2/x64-windows-dbg/CMakeFiles/CMakeScratch/TryCompile-ibqbku'
        
        Run Build Command(s): C:/Users/diegobaccino/AppData/Local/vcpkg/downloads/tools/ninja/1.13.1-windows/ninja.exe -v cmTC_e92c0
        [1/2] C:\\PROGRA~2\\MICROS~2\\2022\\BUILDT~1\\VC\\Tools\\MSVC\\1444~1.352\\bin\\Hostx64\\x64\\cl.exe  /nologo -DCHECK_CPU_ARCHITECTURE_ARM64EC  /nologo /DWIN32 /D_WINDOWS /utf-8 /MP   /MDd /Z7 /Ob0 /Od /RTC1  -MDd /showIncludes /FoCMakeFiles\\cmTC_e92c0.dir\\src.c.obj /FdCMakeFiles\\cmTC_e92c0.dir\\ /FS -c C:\\Source\\projectm\\vcpkg_installed\\vcpkg\\blds\\sdl2\\x64-windows-dbg\\CMakeFiles\\CMakeScratch\\TryCompile-ibqbku\\src.c
        FAILED: [code=2] CMakeFiles/cmTC_e92c0.dir/src.c.obj 
        C:\\PROGRA~2\\MICROS~2\\2022\\BUILDT~1\\VC\\Tools\\MSVC\\1444~1.352\\bin\\Hostx64\\x64\\cl.exe  /nologo -DCHECK_CPU_ARCHITECTURE_ARM64EC  /nologo /DWIN32 /D_WINDOWS /utf-8 /MP   /MDd /Z7 /Ob0 /Od /RTC1  -MDd /showIncludes /FoCMakeFiles\\cmTC_e92c0.dir\\src.c.obj /FdCMakeFiles\\cmTC_e92c0.dir\\ /FS -c C:\\Source\\projectm\\vcpkg_installed\\vcpkg\\blds\\sdl2\\x64-windows-dbg\\CMakeFiles\\CMakeScratch\\TryCompile-ibqbku\\src.c
        C:\\Source\\projectm\\vcpkg_installed\\vcpkg\\blds\\sdl2\\x64-windows-dbg\\CMakeFiles\\CMakeScratch\\TryCompile-ibqbku\\src.c(6): error C2065: 'choke': undeclared identifier
        C:\\Source\\projectm\\vcpkg_installed\\vcpkg\\blds\\sdl2\\x64-windows-dbg\\CMakeFiles\\CMakeScratch\\TryCompile-ibqbku\\src.c(8): error C2143: syntax error: missing ';' before '}'
        ninja: build stopped: subcommand failed.
        
      exitCode: 2
  -
    kind: "try_compile-v1"
    backtrace:
      - "C:/Users/diegobaccino/AppData/Local/vcpkg/downloads/tools/cmake-3.30.1-windows/cmake-3.30.1-windows-i386/share/cmake-3.30/Modules/Internal/CheckSourceCompiles.cmake:101 (try_compile)"
      - "C:/Users/diegobaccino/AppData/Local/vcpkg/downloads/tools/cmake-3.30.1-windows/cmake-3.30.1-windows-i386/share/cmake-3.30/Modules/CheckCSourceCompiles.cmake:52 (cmake_check_source_compiles)"
      - "cmake/CheckCPUArchitecture.cmake:17 (check_c_source_compiles)"
      - "cmake/CheckCPUArchitecture.cmake:38 (_internal_check_cpu_architecture)"
      - "CMakeLists.txt:146 (check_cpu_architecture)"
    checks:
      - "Performing Test CHECK_CPU_ARCHITECTURE_LOONGARCH64"
    directories:
      source: "C:/Source/projectm/vcpkg_installed/vcpkg/blds/sdl2/x64-windows-dbg/CMakeFiles/CMakeScratch/TryCompile-tt3isy"
      binary: "C:/Source/projectm/vcpkg_installed/vcpkg/blds/sdl2/x64-windows-dbg/CMakeFiles/CMakeScratch/TryCompile-tt3isy"
    cmakeVariables:
      CMAKE_C_FLAGS: " /nologo /DWIN32 /D_WINDOWS /utf-8 /MP "
      CMAKE_C_FLAGS_DEBUG: "/MDd /Z7 /Ob0 /Od /RTC1 "
      CMAKE_EXE_LINKER_FLAGS: "/machine:x64"
      CMAKE_MODULE_PATH: "C:/Source/projectm/vcpkg_installed/vcpkg/blds/sdl2/src/se-2.32.10-3b143ac573.clean/cmake"
      CMAKE_MSVC_DEBUG_INFORMATION_FORMAT: ""
      CMAKE_MSVC_RUNTIME_LIBRARY: "MultiThreaded$<$<CONFIG:Debug>:Debug>$<$<STREQUAL:dynamic,dynamic>:DLL>"
      VCPKG_CHAINLOAD_TOOLCHAIN_FILE: "C:/Program Files (x86)/Microsoft Visual Studio/2022/BuildTools/VC/vcpkg/scripts/toolchains/windows.cmake"
      VCPKG_CRT_LINKAGE: "dynamic"
      VCPKG_CXX_FLAGS: ""
      VCPKG_CXX_FLAGS_DEBUG: ""
      VCPKG_CXX_FLAGS_RELEASE: ""
      VCPKG_C_FLAGS: ""
      VCPKG_C_FLAGS_DEBUG: ""
      VCPKG_C_FLAGS_RELEASE: ""
      VCPKG_INSTALLED_DIR: "C:/Source/projectm/vcpkg_installed"
      VCPKG_LINKER_FLAGS: ""
      VCPKG_LINKER_FLAGS_DEBUG: ""
      VCPKG_LINKER_FLAGS_RELEASE: ""
      VCPKG_PLATFORM_TOOLSET: "v143"
      VCPKG_PREFER_SYSTEM_LIBS: "OFF"
      VCPKG_SET_CHARSET_FLAG: "ON"
      VCPKG_TARGET_ARCHITECTURE: "x64"
      VCPKG_TARGET_TRIPLET: "x64-windows"
      Z_VCPKG_ROOT_DIR: "C:/Program Files (x86)/Microsoft Visual Studio/2022/BuildTools/VC/vcpkg"
    buildResult:
      variable: "CHECK_CPU_ARCHITECTURE_LOONGARCH64"
      cached: true
      stdout: |
        Change Dir: 'C:/Source/projectm/vcpkg_installed/vcpkg/blds/sdl2/x64-windows-dbg/CMakeFiles/CMakeScratch/TryCompile-tt3isy'
        
        Run Build Command(s): C:/Users/diegobaccino/AppData/Local/vcpkg/downloads/tools/ninja/1.13.1-windows/ninja.exe -v cmTC_2bc09
        [1/2] C:\\PROGRA~2\\MICROS~2\\2022\\BUILDT~1\\VC\\Tools\\MSVC\\1444~1.352\\bin\\Hostx64\\x64\\cl.exe  /nologo -DCHECK_CPU_ARCHITECTURE_LOONGARCH64  /nologo /DWIN32 /D_WINDOWS /utf-8 /MP   /MDd /Z7 /Ob0 /Od /RTC1  -MDd /showIncludes /FoCMakeFiles\\cmTC_2bc09.dir\\src.c.obj /FdCMakeFiles\\cmTC_2bc09.dir\\ /FS -c C:\\Source\\projectm\\vcpkg_installed\\vcpkg\\blds\\sdl2\\x64-windows-dbg\\CMakeFiles\\CMakeScratch\\TryCompile-tt3isy\\src.c
        FAILED: [code=2] CMakeFiles/cmTC_2bc09.dir/src.c.obj 
        C:\\PROGRA~2\\MICROS~2\\2022\\BUILDT~1\\VC\\Tools\\MSVC\\1444~1.352\\bin\\Hostx64\\x64\\cl.exe  /nologo -DCHECK_CPU_ARCHITECTURE_LOONGARCH64  /nologo /DWIN32 /D_WINDOWS /utf-8 /MP   /MDd /Z7 /Ob0 /Od /RTC1  -MDd /showIncludes /FoCMakeFiles\\cmTC_2bc09.dir\\src.c.obj /FdCMakeFiles\\cmTC_2bc09.dir\\ /FS -c C:\\Source\\projectm\\vcpkg_installed\\vcpkg\\blds\\sdl2\\x64-windows-dbg\\CMakeFiles\\CMakeScratch\\TryCompile-tt3isy\\src.c
        C:\\Source\\projectm\\vcpkg_installed\\vcpkg\\blds\\sdl2\\x64-windows-dbg\\CMakeFiles\\CMakeScratch\\TryCompile-tt3isy\\src.c(6): error C2065: 'choke': undeclared identifier
        C:\\Source\\projectm\\vcpkg_installed\\vcpkg\\blds\\sdl2\\x64-windows-dbg\\CMakeFiles\\CMakeScratch\\TryCompile-tt3isy\\src.c(8): error C2143: syntax error: missing ';' before '}'
        ninja: build stopped: subcommand failed.
        
      exitCode: 2
  -
    kind: "try_compile-v1"
    backtrace:
      - "C:/Users/diegobaccino/AppData/Local/vcpkg/downloads/tools/cmake-3.30.1-windows/cmake-3.30.1-windows-i386/share/cmake-3.30/Modules/CheckIncludeFile.cmake:90 (try_compile)"
      - "CMakeLists.txt:1018 (check_include_file)"
    checks:
      - "Looking for immintrin.h"
    directories:
      source: "C:/Source/projectm/vcpkg_installed/vcpkg/blds/sdl2/x64-windows-dbg/CMakeFiles/CMakeScratch/TryCompile-17toii"
      binary: "C:/Source/projectm/vcpkg_installed/vcpkg/blds/sdl2/x64-windows-dbg/CMakeFiles/CMakeScratch/TryCompile-17toii"
    cmakeVariables:
      CMAKE_C_FLAGS: " /nologo /DWIN32 /D_WINDOWS /utf-8 /MP "
      CMAKE_C_FLAGS_DEBUG: "/MDd /Z7 /Ob0 /Od /RTC1 "
      CMAKE_EXE_LINKER_FLAGS: "/machine:x64"
      CMAKE_MODULE_PATH: "C:/Source/projectm/vcpkg_installed/vcpkg/blds/sdl2/src/se-2.32.10-3b143ac573.clean/cmake"
      CMAKE_MSVC_DEBUG_INFORMATION_FORMAT: ""
      CMAKE_MSVC_RUNTIME_LIBRARY: "MultiThreaded$<$<CONFIG:Debug>:Debug>$<$<STREQUAL:dynamic,dynamic>:DLL>"
      VCPKG_CHAINLOAD_TOOLCHAIN_FILE: "C:/Program Files (x86)/Microsoft Visual Studio/2022/BuildTools/VC/vcpkg/scripts/toolchains/windows.cmake"
      VCPKG_CRT_LINKAGE: "dynamic"
      VCPKG_CXX_FLAGS: ""
      VCPKG_CXX_FLAGS_DEBUG: ""
      VCPKG_CXX_FLAGS_RELEASE: ""
      VCPKG_C_FLAGS: ""
      VCPKG_C_FLAGS_DEBUG: ""
      VCPKG_C_FLAGS_RELEASE: ""
      VCPKG_INSTALLED_DIR: "C:/Source/projectm/vcpkg_installed"
      VCPKG_LINKER_FLAGS: ""
      VCPKG_LINKER_FLAGS_DEBUG: ""
      VCPKG_LINKER_FLAGS_RELEASE: ""
      VCPKG_PLATFORM_TOOLSET: "v143"
      VCPKG_PREFER_SYSTEM_LIBS: "OFF"
      VCPKG_SET_CHARSET_FLAG: "ON"
      VCPKG_TARGET_ARCHITECTURE: "x64"
      VCPKG_TARGET_TRIPLET: "x64-windows"
      Z_VCPKG_ROOT_DIR: "C:/Program Files (x86)/Microsoft Visual Studio/2022/BuildTools/VC/vcpkg"
    buildResult:
      variable: "HAVE_IMMINTRIN_H"
      cached: true
      stdout: |
        Change Dir: 'C:/Source/projectm/vcpkg_installed/vcpkg/blds/sdl2/x64-windows-dbg/CMakeFiles/CMakeScratch/TryCompile-17toii'
        
        Run Build Command(s): C:/Users/diegobaccino/AppData/Local/vcpkg/downloads/tools/ninja/1.13.1-windows/ninja.exe -v cmTC_a1d97
        [1/2] C:\\PROGRA~2\\MICROS~2\\2022\\BUILDT~1\\VC\\Tools\\MSVC\\1444~1.352\\bin\\Hostx64\\x64\\cl.exe  /nologo   /nologo /DWIN32 /D_WINDOWS /utf-8 /MP   -D_GNU_SOURCE=1 /MDd /Z7 /Ob0 /Od /RTC1  -MDd /showIncludes /FoCMakeFiles\\cmTC_a1d97.dir\\CheckIncludeFile.c.obj /FdCMakeFiles\\cmTC_a1d97.dir\\ /FS -c C:\\Source\\projectm\\vcpkg_installed\\vcpkg\\blds\\sdl2\\x64-windows-dbg\\CMakeFiles\\CMakeScratch\\TryCompile-17toii\\CheckIncludeFile.c
        [2/2] C:\\WINDOWS\\system32\\cmd.exe /C "cd . && C:\\Users\\diegobaccino\\AppData\\Local\\vcpkg\\downloads\\tools\\cmake-3.30.1-windows\\cmake-3.30.1-windows-i386\\bin\\cmake.exe -E vs_link_exe --intdir=CMakeFiles\\cmTC_a1d97.dir --rc=C:\\PROGRA~2\\WI3CF2~1\\10\\bin\\100261~1.0\\x64\\rc.exe --mt=C:\\PROGRA~2\\WI3CF2~1\\10\\bin\\100261~1.0\\x64\\mt.exe --manifests  -- C:\\PROGRA~2\\MICROS~2\\2022\\BUILDT~1\\VC\\Tools\\MSVC\\1444~1.352\\bin\\Hostx64\\x64\\link.exe /nologo CMakeFiles\\cmTC_a1d97.dir\\CheckIncludeFile.c.obj  /out:cmTC_a1d97.exe /implib:cmTC_a1d97.lib /pdb:cmTC_a1d97.pdb /version:0.0 /machine:x64  /nologo    /debug /INCREMENTAL /subsystem:console  kernel32.lib user32.lib gdi32.lib winspool.lib shell32.lib ole32.lib oleaut32.lib uuid.lib comdlg32.lib advapi32.lib && cd ."
        
      exitCode: 0
  -
    kind: "try_compile-v1"
    backtrace:
      - "C:/Users/diegobaccino/AppData/Local/vcpkg/downloads/tools/cmake-3.30.1-windows/cmake-3.30.1-windows-i386/share/cmake-3.30/Modules/CheckIncludeFile.cmake:90 (try_compile)"
      - "CMakeLists.txt:1027 (check_include_file)"
    checks:
      - "Looking for stdint.h"
    directories:
      source: "C:/Source/projectm/vcpkg_installed/vcpkg/blds/sdl2/x64-windows-dbg/CMakeFiles/CMakeScratch/TryCompile-qn5s41"
      binary: "C:/Source/projectm/vcpkg_installed/vcpkg/blds/sdl2/x64-windows-dbg/CMakeFiles/CMakeScratch/TryCompile-qn5s41"
    cmakeVariables:
      CMAKE_C_FLAGS: " /nologo /DWIN32 /D_WINDOWS /utf-8 /MP "
      CMAKE_C_FLAGS_DEBUG: "/MDd /Z7 /Ob0 /Od /RTC1 "
      CMAKE_EXE_LINKER_FLAGS: "/machine:x64"
      CMAKE_MODULE_PATH: "C:/Source/projectm/vcpkg_installed/vcpkg/blds/sdl2/src/se-2.32.10-3b143ac573.clean/cmake"
      CMAKE_MSVC_DEBUG_INFORMATION_FORMAT: ""
      CMAKE_MSVC_RUNTIME_LIBRARY: "MultiThreaded$<$<CONFIG:Debug>:Debug>$<$<STREQUAL:dynamic,dynamic>:DLL>"
      VCPKG_CHAINLOAD_TOOLCHAIN_FILE: "C:/Program Files (x86)/Microsoft Visual Studio/2022/BuildTools/VC/vcpkg/scripts/toolchains/windows.cmake"
      VCPKG_CRT_LINKAGE: "dynamic"
      VCPKG_CXX_FLAGS: ""
      VCPKG_CXX_FLAGS_DEBUG: ""
      VCPKG_CXX_FLAGS_RELEASE: ""
      VCPKG_C_FLAGS: ""
      VCPKG_C_FLAGS_DEBUG: ""
      VCPKG_C_FLAGS_RELEASE: ""
      VCPKG_INSTALLED_DIR: "C:/Source/projectm/vcpkg_installed"
      VCPKG_LINKER_FLAGS: ""
      VCPKG_LINKER_FLAGS_DEBUG: ""
      VCPKG_LINKER_FLAGS_RELEASE: ""
      VCPKG_PLATFORM_TOOLSET: "v143"
      VCPKG_PREFER_SYSTEM_LIBS: "OFF"
      VCPKG_SET_CHARSET_FLAG: "ON"
      VCPKG_TARGET_ARCHITECTURE: "x64"
      VCPKG_TARGET_TRIPLET: "x64-windows"
      Z_VCPKG_ROOT_DIR: "C:/Program Files (x86)/Microsoft Visual Studio/2022/BuildTools/VC/vcpkg"
    buildResult:
      variable: "HAVE_STDINT_H"
      cached: true
      stdout: |
        Change Dir: 'C:/Source/projectm/vcpkg_installed/vcpkg/blds/sdl2/x64-windows-dbg/CMakeFiles/CMakeScratch/TryCompile-qn5s41'
        
        Run Build Command(s): C:/Users/diegobaccino/AppData/Local/vcpkg/downloads/tools/ninja/1.13.1-windows/ninja.exe -v cmTC_80fba
        [1/2] C:\\PROGRA~2\\MICROS~2\\2022\\BUILDT~1\\VC\\Tools\\MSVC\\1444~1.352\\bin\\Hostx64\\x64\\cl.exe  /nologo   /nologo /DWIN32 /D_WINDOWS /utf-8 /MP   -D_GNU_SOURCE=1 /MDd /Z7 /Ob0 /Od /RTC1  -MDd /showIncludes /FoCMakeFiles\\cmTC_80fba.dir\\CheckIncludeFile.c.obj /FdCMakeFiles\\cmTC_80fba.dir\\ /FS -c C:\\Source\\projectm\\vcpkg_installed\\vcpkg\\blds\\sdl2\\x64-windows-dbg\\CMakeFiles\\CMakeScratch\\TryCompile-qn5s41\\CheckIncludeFile.c
        [2/2] C:\\WINDOWS\\system32\\cmd.exe /C "cd . && C:\\Users\\diegobaccino\\AppData\\Local\\vcpkg\\downloads\\tools\\cmake-3.30.1-windows\\cmake-3.30.1-windows-i386\\bin\\cmake.exe -E vs_link_exe --intdir=CMakeFiles\\cmTC_80fba.dir --rc=C:\\PROGRA~2\\WI3CF2~1\\10\\bin\\100261~1.0\\x64\\rc.exe --mt=C:\\PROGRA~2\\WI3CF2~1\\10\\bin\\100261~1.0\\x64\\mt.exe --manifests  -- C:\\PROGRA~2\\MICROS~2\\2022\\BUILDT~1\\VC\\Tools\\MSVC\\1444~1.352\\bin\\Hostx64\\x64\\link.exe /nologo CMakeFiles\\cmTC_80fba.dir\\CheckIncludeFile.c.obj  /out:cmTC_80fba.exe /implib:cmTC_80fba.lib /pdb:cmTC_80fba.pdb /version:0.0 /machine:x64  /nologo    /debug /INCREMENTAL /subsystem:console  kernel32.lib user32.lib gdi32.lib winspool.lib shell32.lib ole32.lib oleaut32.lib uuid.lib comdlg32.lib advapi32.lib && cd ."
        
      exitCode: 0
  -
    kind: "try_compile-v1"
    backtrace:
      - "C:/Users/diegobaccino/AppData/Local/vcpkg/downloads/tools/cmake-3.30.1-windows/cmake-3.30.1-windows-i386/share/cmake-3.30/Modules/CheckSymbolExists.cmake:154 (try_compile)"
      - "C:/Users/diegobaccino/AppData/Local/vcpkg/downloads/tools/cmake-3.30.1-windows/cmake-3.30.1-windows-i386/share/cmake-3.30/Modules/CheckSymbolExists.cmake:66 (__CHECK_SYMBOL_EXISTS_IMPL)"
      - "CMakeLists.txt:1048 (check_symbol_exists)"
    checks:
      - "Looking for M_PI"
    directories:
      source: "C:/Source/projectm/vcpkg_installed/vcpkg/blds/sdl2/x64-windows-dbg/CMakeFiles/CMakeScratch/TryCompile-l2ijy7"
      binary: "C:/Source/projectm/vcpkg_installed/vcpkg/blds/sdl2/x64-windows-dbg/CMakeFiles/CMakeScratch/TryCompile-l2ijy7"
    cmakeVariables:
      CMAKE_C_FLAGS: " /nologo /DWIN32 /D_WINDOWS /utf-8 /MP "
      CMAKE_C_FLAGS_DEBUG: "/MDd /Z7 /Ob0 /Od /RTC1 "
      CMAKE_EXE_LINKER_FLAGS: "/machine:x64"
      CMAKE_MODULE_PATH: "C:/Source/projectm/vcpkg_installed/vcpkg/blds/sdl2/src/se-2.32.10-3b143ac573.clean/cmake"
      CMAKE_MSVC_DEBUG_INFORMATION_FORMAT: ""
      CMAKE_MSVC_RUNTIME_LIBRARY: "MultiThreaded$<$<CONFIG:Debug>:Debug>$<$<STREQUAL:dynamic,dynamic>:DLL>"
      VCPKG_CHAINLOAD_TOOLCHAIN_FILE: "C:/Program Files (x86)/Microsoft Visual Studio/2022/BuildTools/VC/vcpkg/scripts/toolchains/windows.cmake"
      VCPKG_CRT_LINKAGE: "dynamic"
      VCPKG_CXX_FLAGS: ""
      VCPKG_CXX_FLAGS_DEBUG: ""
      VCPKG_CXX_FLAGS_RELEASE: ""
      VCPKG_C_FLAGS: ""
      VCPKG_C_FLAGS_DEBUG: ""
      VCPKG_C_FLAGS_RELEASE: ""
      VCPKG_INSTALLED_DIR: "C:/Source/projectm/vcpkg_installed"
      VCPKG_LINKER_FLAGS: ""
      VCPKG_LINKER_FLAGS_DEBUG: ""
      VCPKG_LINKER_FLAGS_RELEASE: ""
      VCPKG_PLATFORM_TOOLSET: "v143"
      VCPKG_PREFER_SYSTEM_LIBS: "OFF"
      VCPKG_SET_CHARSET_FLAG: "ON"
      VCPKG_TARGET_ARCHITECTURE: "x64"
      VCPKG_TARGET_TRIPLET: "x64-windows"
      Z_VCPKG_ROOT_DIR: "C:/Program Files (x86)/Microsoft Visual Studio/2022/BuildTools/VC/vcpkg"
    buildResult:
      variable: "HAVE_M_PI"
      cached: true
      stdout: |
        Change Dir: 'C:/Source/projectm/vcpkg_installed/vcpkg/blds/sdl2/x64-windows-dbg/CMakeFiles/CMakeScratch/TryCompile-l2ijy7'
        
        Run Build Command(s): C:/Users/diegobaccino/AppData/Local/vcpkg/downloads/tools/ninja/1.13.1-windows/ninja.exe -v cmTC_74579
        [1/2] C:\\PROGRA~2\\MICROS~2\\2022\\BUILDT~1\\VC\\Tools\\MSVC\\1444~1.352\\bin\\Hostx64\\x64\\cl.exe  /nologo   /nologo /DWIN32 /D_WINDOWS /utf-8 /MP   -D_GNU_SOURCE=1 /MDd /Z7 /Ob0 /Od /RTC1  -MDd /showIncludes /FoCMakeFiles\\cmTC_74579.dir\\CheckSymbolExists.c.obj /FdCMakeFiles\\cmTC_74579.dir\\ /FS -c C:\\Source\\projectm\\vcpkg_installed\\vcpkg\\blds\\sdl2\\x64-windows-dbg\\CMakeFiles\\CMakeScratch\\TryCompile-l2ijy7\\CheckSymbolExists.c
        FAILED: [code=2] CMakeFiles/cmTC_74579.dir/CheckSymbolExists.c.obj 
        C:\\PROGRA~2\\MICROS~2\\2022\\BUILDT~1\\VC\\Tools\\MSVC\\1444~1.352\\bin\\Hostx64\\x64\\cl.exe  /nologo   /nologo /DWIN32 /D_WINDOWS /utf-8 /MP   -D_GNU_SOURCE=1 /MDd /Z7 /Ob0 /Od /RTC1  -MDd /showIncludes /FoCMakeFiles\\cmTC_74579.dir\\CheckSymbolExists.c.obj /FdCMakeFiles\\cmTC_74579.dir\\ /FS -c C:\\Source\\projectm\\vcpkg_installed\\vcpkg\\blds\\sdl2\\x64-windows-dbg\\CMakeFiles\\CMakeScratch\\TryCompile-l2ijy7\\CheckSymbolExists.c
        C:\\Source\\projectm\\vcpkg_installed\\vcpkg\\blds\\sdl2\\x64-windows-dbg\\CMakeFiles\\CMakeScratch\\TryCompile-l2ijy7\\CheckSymbolExists.c(8): error C2065: 'M_PI': undeclared identifier
        ninja: build stopped: subcommand failed.
        
      exitCode: 2
  -
    kind: "try_compile-v1"
    backtrace:
      - "C:/Users/diegobaccino/AppData/Local/vcpkg/downloads/tools/cmake-3.30.1-windows/cmake-3.30.1-windows-i386/share/cmake-3.30/Modules/Internal/CheckSourceCompiles.cmake:101 (try_compile)"
      - "C:/Users/diegobaccino/AppData/Local/vcpkg/downloads/tools/cmake-3.30.1-windows/cmake-3.30.1-windows-i386/share/cmake-3.30/Modules/CheckCSourceCompiles.cmake:52 (cmake_check_source_compiles)"
      - "CMakeLists.txt:1788 (check_c_source_compiles)"
    checks:
      - "Performing Test HAVE_WIN32_CC"
    directories:
      source: "C:/Source/projectm/vcpkg_installed/vcpkg/blds/sdl2/x64-windows-dbg/CMakeFiles/CMakeScratch/TryCompile-k67klu"
      binary: "C:/Source/projectm/vcpkg_installed/vcpkg/blds/sdl2/x64-windows-dbg/CMakeFiles/CMakeScratch/TryCompile-k67klu"
    cmakeVariables:
      CMAKE_C_FLAGS: " /nologo /DWIN32 /D_WINDOWS /utf-8 /MP "
      CMAKE_C_FLAGS_DEBUG: "/MDd /Z7 /Ob0 /Od /RTC1 "
      CMAKE_EXE_LINKER_FLAGS: "/machine:x64"
      CMAKE_MODULE_PATH: "C:/Source/projectm/vcpkg_installed/vcpkg/blds/sdl2/src/se-2.32.10-3b143ac573.clean/cmake"
      CMAKE_MSVC_DEBUG_INFORMATION_FORMAT: ""
      CMAKE_MSVC_RUNTIME_LIBRARY: "MultiThreaded$<$<CONFIG:Debug>:Debug>$<$<STREQUAL:dynamic,dynamic>:DLL>"
      VCPKG_CHAINLOAD_TOOLCHAIN_FILE: "C:/Program Files (x86)/Microsoft Visual Studio/2022/BuildTools/VC/vcpkg/scripts/toolchains/windows.cmake"
      VCPKG_CRT_LINKAGE: "dynamic"
      VCPKG_CXX_FLAGS: ""
      VCPKG_CXX_FLAGS_DEBUG: ""
      VCPKG_CXX_FLAGS_RELEASE: ""
      VCPKG_C_FLAGS: ""
      VCPKG_C_FLAGS_DEBUG: ""
      VCPKG_C_FLAGS_RELEASE: ""
      VCPKG_INSTALLED_DIR: "C:/Source/projectm/vcpkg_installed"
      VCPKG_LINKER_FLAGS: ""
      VCPKG_LINKER_FLAGS_DEBUG: ""
      VCPKG_LINKER_FLAGS_RELEASE: ""
      VCPKG_PLATFORM_TOOLSET: "v143"
      VCPKG_PREFER_SYSTEM_LIBS: "OFF"
      VCPKG_SET_CHARSET_FLAG: "ON"
      VCPKG_TARGET_ARCHITECTURE: "x64"
      VCPKG_TARGET_TRIPLET: "x64-windows"
      Z_VCPKG_ROOT_DIR: "C:/Program Files (x86)/Microsoft Visual Studio/2022/BuildTools/VC/vcpkg"
    buildResult:
      variable: "HAVE_WIN32_CC"
      cached: true
      stdout: |
        Change Dir: 'C:/Source/projectm/vcpkg_installed/vcpkg/blds/sdl2/x64-windows-dbg/CMakeFiles/CMakeScratch/TryCompile-k67klu'
        
        Run Build Command(s): C:/Users/diegobaccino/AppData/Local/vcpkg/downloads/tools/ninja/1.13.1-windows/ninja.exe -v cmTC_79ac6
        [1/2] C:\\PROGRA~2\\MICROS~2\\2022\\BUILDT~1\\VC\\Tools\\MSVC\\1444~1.352\\bin\\Hostx64\\x64\\cl.exe  /nologo -DHAVE_WIN32_CC  /nologo /DWIN32 /D_WINDOWS /utf-8 /MP   -D_GNU_SOURCE=1 /MDd /Z7 /Ob0 /Od /RTC1  -MDd /showIncludes /FoCMakeFiles\\cmTC_79ac6.dir\\src.c.obj /FdCMakeFiles\\cmTC_79ac6.dir\\ /FS -c C:\\Source\\projectm\\vcpkg_installed\\vcpkg\\blds\\sdl2\\x64-windows-dbg\\CMakeFiles\\CMakeScratch\\TryCompile-k67klu\\src.c
        [2/2] C:\\WINDOWS\\system32\\cmd.exe /C "cd . && C:\\Users\\diegobaccino\\AppData\\Local\\vcpkg\\downloads\\tools\\cmake-3.30.1-windows\\cmake-3.30.1-windows-i386\\bin\\cmake.exe -E vs_link_exe --intdir=CMakeFiles\\cmTC_79ac6.dir --rc=C:\\PROGRA~2\\WI3CF2~1\\10\\bin\\100261~1.0\\x64\\rc.exe --mt=C:\\PROGRA~2\\WI3CF2~1\\10\\bin\\100261~1.0\\x64\\mt.exe --manifests  -- C:\\PROGRA~2\\MICROS~2\\2022\\BUILDT~1\\VC\\Tools\\MSVC\\1444~1.352\\bin\\Hostx64\\x64\\link.exe /nologo CMakeFiles\\cmTC_79ac6.dir\\src.c.obj  /out:cmTC_79ac6.exe /implib:cmTC_79ac6.lib /pdb:cmTC_79ac6.pdb /version:0.0 /machine:x64  /nologo    /debug /INCREMENTAL /subsystem:console  kernel32.lib user32.lib gdi32.lib winspool.lib shell32.lib ole32.lib oleaut32.lib uuid.lib comdlg32.lib advapi32.lib && cd ."
        
      exitCode: 0
  -
    kind: "try_compile-v1"
    backtrace:
      - "C:/Users/diegobaccino/AppData/Local/vcpkg/downloads/tools/cmake-3.30.1-windows/cmake-3.30.1-windows-i386/share/cmake-3.30/Modules/CheckIncludeFile.cmake:90 (try_compile)"
      - "CMakeLists.txt:1823 (check_include_file)"
    checks:
      - "Looking for d3d9.h"
    directories:
      source: "C:/Source/projectm/vcpkg_installed/vcpkg/blds/sdl2/x64-windows-dbg/CMakeFiles/CMakeScratch/TryCompile-5isqxt"
      binary: "C:/Source/projectm/vcpkg_installed/vcpkg/blds/sdl2/x64-windows-dbg/CMakeFiles/CMakeScratch/TryCompile-5isqxt"
    cmakeVariables:
      CMAKE_C_FLAGS: " /nologo /DWIN32 /D_WINDOWS /utf-8 /MP "
      CMAKE_C_FLAGS_DEBUG: "/MDd /Z7 /Ob0 /Od /RTC1 "
      CMAKE_EXE_LINKER_FLAGS: "/machine:x64"
      CMAKE_MODULE_PATH: "C:/Source/projectm/vcpkg_installed/vcpkg/blds/sdl2/src/se-2.32.10-3b143ac573.clean/cmake"
      CMAKE_MSVC_DEBUG_INFORMATION_FORMAT: ""
      CMAKE_MSVC_RUNTIME_LIBRARY: "MultiThreaded$<$<CONFIG:Debug>:Debug>$<$<STREQUAL:dynamic,dynamic>:DLL>"
      VCPKG_CHAINLOAD_TOOLCHAIN_FILE: "C:/Program Files (x86)/Microsoft Visual Studio/2022/BuildTools/VC/vcpkg/scripts/toolchains/windows.cmake"
      VCPKG_CRT_LINKAGE: "dynamic"
      VCPKG_CXX_FLAGS: ""
      VCPKG_CXX_FLAGS_DEBUG: ""
      VCPKG_CXX_FLAGS_RELEASE: ""
      VCPKG_C_FLAGS: ""
      VCPKG_C_FLAGS_DEBUG: ""
      VCPKG_C_FLAGS_RELEASE: ""
      VCPKG_INSTALLED_DIR: "C:/Source/projectm/vcpkg_installed"
      VCPKG_LINKER_FLAGS: ""
      VCPKG_LINKER_FLAGS_DEBUG: ""
      VCPKG_LINKER_FLAGS_RELEASE: ""
      VCPKG_PLATFORM_TOOLSET: "v143"
      VCPKG_PREFER_SYSTEM_LIBS: "OFF"
      VCPKG_SET_CHARSET_FLAG: "ON"
      VCPKG_TARGET_ARCHITECTURE: "x64"
      VCPKG_TARGET_TRIPLET: "x64-windows"
      Z_VCPKG_ROOT_DIR: "C:/Program Files (x86)/Microsoft Visual Studio/2022/BuildTools/VC/vcpkg"
    buildResult:
      variable: "HAVE_D3D_H"
      cached: true
      stdout: |
        Change Dir: 'C:/Source/projectm/vcpkg_installed/vcpkg/blds/sdl2/x64-windows-dbg/CMakeFiles/CMakeScratch/TryCompile-5isqxt'
        
        Run Build Command(s): C:/Users/diegobaccino/AppData/Local/vcpkg/downloads/tools/ninja/1.13.1-windows/ninja.exe -v cmTC_38598
        [1/2] C:\\PROGRA~2\\MICROS~2\\2022\\BUILDT~1\\VC\\Tools\\MSVC\\1444~1.352\\bin\\Hostx64\\x64\\cl.exe  /nologo   /nologo /DWIN32 /D_WINDOWS /utf-8 /MP   -D_GNU_SOURCE=1 /MDd /Z7 /Ob0 /Od /RTC1  -MDd /showIncludes /FoCMakeFiles\\cmTC_38598.dir\\CheckIncludeFile.c.obj /FdCMakeFiles\\cmTC_38598.dir\\ /FS -c C:\\Source\\projectm\\vcpkg_installed\\vcpkg\\blds\\sdl2\\x64-windows-dbg\\CMakeFiles\\CMakeScratch\\TryCompile-5isqxt\\CheckIncludeFile.c
        [2/2] C:\\WINDOWS\\system32\\cmd.exe /C "cd . && C:\\Users\\diegobaccino\\AppData\\Local\\vcpkg\\downloads\\tools\\cmake-3.30.1-windows\\cmake-3.30.1-windows-i386\\bin\\cmake.exe -E vs_link_exe --intdir=CMakeFiles\\cmTC_38598.dir --rc=C:\\PROGRA~2\\WI3CF2~1\\10\\bin\\100261~1.0\\x64\\rc.exe --mt=C:\\PROGRA~2\\WI3CF2~1\\10\\bin\\100261~1.0\\x64\\mt.exe --manifests  -- C:\\PROGRA~2\\MICROS~2\\2022\\BUILDT~1\\VC\\Tools\\MSVC\\1444~1.352\\bin\\Hostx64\\x64\\link.exe /nologo CMakeFiles\\cmTC_38598.dir\\CheckIncludeFile.c.obj  /out:cmTC_38598.exe /implib:cmTC_38598.lib /pdb:cmTC_38598.pdb /version:0.0 /machine:x64  /nologo    /debug /INCREMENTAL /subsystem:console  kernel32.lib user32.lib gdi32.lib winspool.lib shell32.lib ole32.lib oleaut32.lib uuid.lib comdlg32.lib advapi32.lib && cd ."
        
      exitCode: 0
  -
    kind: "try_compile-v1"
    backtrace:
      - "C:/Users/diegobaccino/AppData/Local/vcpkg/downloads/tools/cmake-3.30.1-windows/cmake-3.30.1-windows-i386/share/cmake-3.30/Modules/CheckIncludeFile.cmake:90 (try_compile)"
      - "CMakeLists.txt:1824 (check_include_file)"
    checks:
      - "Looking for d3d11_1.h"
    directories:
      source: "C:/Source/projectm/vcpkg_installed/vcpkg/blds/sdl2/x64-windows-dbg/CMakeFiles/CMakeScratch/TryCompile-81czmd"
      binary: "C:/Source/projectm/vcpkg_installed/vcpkg/blds/sdl2/x64-windows-dbg/CMakeFiles/CMakeScratch/TryCompile-81czmd"
    cmakeVariables:
      CMAKE_C_FLAGS: " /nologo /DWIN32 /D_WINDOWS /utf-8 /MP "
      CMAKE_C_FLAGS_DEBUG: "/MDd /Z7 /Ob0 /Od /RTC1 "
      CMAKE_EXE_LINKER_FLAGS: "/machine:x64"
      CMAKE_MODULE_PATH: "C:/Source/projectm/vcpkg_installed/vcpkg/blds/sdl2/src/se-2.32.10-3b143ac573.clean/cmake"
      CMAKE_MSVC_DEBUG_INFORMATION_FORMAT: ""
      CMAKE_MSVC_RUNTIME_LIBRARY: "MultiThreaded$<$<CONFIG:Debug>:Debug>$<$<STREQUAL:dynamic,dynamic>:DLL>"
      VCPKG_CHAINLOAD_TOOLCHAIN_FILE: "C:/Program Files (x86)/Microsoft Visual Studio/2022/BuildTools/VC/vcpkg/scripts/toolchains/windows.cmake"
      VCPKG_CRT_LINKAGE: "dynamic"
      VCPKG_CXX_FLAGS: ""
      VCPKG_CXX_FLAGS_DEBUG: ""
      VCPKG_CXX_FLAGS_RELEASE: ""
      VCPKG_C_FLAGS: ""
      VCPKG_C_FLAGS_DEBUG: ""
      VCPKG_C_FLAGS_RELEASE: ""
      VCPKG_INSTALLED_DIR: "C:/Source/projectm/vcpkg_installed"
      VCPKG_LINKER_FLAGS: ""
      VCPKG_LINKER_FLAGS_DEBUG: ""
      VCPKG_LINKER_FLAGS_RELEASE: ""
      VCPKG_PLATFORM_TOOLSET: "v143"
      VCPKG_PREFER_SYSTEM_LIBS: "OFF"
      VCPKG_SET_CHARSET_FLAG: "ON"
      VCPKG_TARGET_ARCHITECTURE: "x64"
      VCPKG_TARGET_TRIPLET: "x64-windows"
      Z_VCPKG_ROOT_DIR: "C:/Program Files (x86)/Microsoft Visual Studio/2022/BuildTools/VC/vcpkg"
    buildResult:
      variable: "HAVE_D3D11_H"
      cached: true
      stdout: |
        Change Dir: 'C:/Source/projectm/vcpkg_installed/vcpkg/blds/sdl2/x64-windows-dbg/CMakeFiles/CMakeScratch/TryCompile-81czmd'
        
        Run Build Command(s): C:/Users/diegobaccino/AppData/Local/vcpkg/downloads/tools/ninja/1.13.1-windows/ninja.exe -v cmTC_4c842
        [1/2] C:\\PROGRA~2\\MICROS~2\\2022\\BUILDT~1\\VC\\Tools\\MSVC\\1444~1.352\\bin\\Hostx64\\x64\\cl.exe  /nologo   /nologo /DWIN32 /D_WINDOWS /utf-8 /MP   -D_GNU_SOURCE=1 /MDd /Z7 /Ob0 /Od /RTC1  -MDd /showIncludes /FoCMakeFiles\\cmTC_4c842.dir\\CheckIncludeFile.c.obj /FdCMakeFiles\\cmTC_4c842.dir\\ /FS -c C:\\Source\\projectm\\vcpkg_installed\\vcpkg\\blds\\sdl2\\x64-windows-dbg\\CMakeFiles\\CMakeScratch\\TryCompile-81czmd\\CheckIncludeFile.c
        [2/2] C:\\WINDOWS\\system32\\cmd.exe /C "cd . && C:\\Users\\diegobaccino\\AppData\\Local\\vcpkg\\downloads\\tools\\cmake-3.30.1-windows\\cmake-3.30.1-windows-i386\\bin\\cmake.exe -E vs_link_exe --intdir=CMakeFiles\\cmTC_4c842.dir --rc=C:\\PROGRA~2\\WI3CF2~1\\10\\bin\\100261~1.0\\x64\\rc.exe --mt=C:\\PROGRA~2\\WI3CF2~1\\10\\bin\\100261~1.0\\x64\\mt.exe --manifests  -- C:\\PROGRA~2\\MICROS~2\\2022\\BUILDT~1\\VC\\Tools\\MSVC\\1444~1.352\\bin\\Hostx64\\x64\\link.exe /nologo CMakeFiles\\cmTC_4c842.dir\\CheckIncludeFile.c.obj  /out:cmTC_4c842.exe /implib:cmTC_4c842.lib /pdb:cmTC_4c842.pdb /version:0.0 /machine:x64  /nologo    /debug /INCREMENTAL /subsystem:console  kernel32.lib user32.lib gdi32.lib winspool.lib shell32.lib ole32.lib oleaut32.lib uuid.lib comdlg32.lib advapi32.lib && cd ."
        
      exitCode: 0
  -
    kind: "try_compile-v1"
    backtrace:
      - "C:/Users/diegobaccino/AppData/Local/vcpkg/downloads/tools/cmake-3.30.1-windows/cmake-3.30.1-windows-i386/share/cmake-3.30/Modules/Internal/CheckSourceCompiles.cmake:101 (try_compile)"
      - "C:/Users/diegobaccino/AppData/Local/vcpkg/downloads/tools/cmake-3.30.1-windows/cmake-3.30.1-windows-i386/share/cmake-3.30/Modules/CheckCSourceCompiles.cmake:52 (cmake_check_source_compiles)"
      - "CMakeLists.txt:1825 (check_c_source_compiles)"
    checks:
      - "Performing Test HAVE_D3D12_H"
    directories:
      source: "C:/Source/projectm/vcpkg_installed/vcpkg/blds/sdl2/x64-windows-dbg/CMakeFiles/CMakeScratch/TryCompile-wxlc64"
      binary: "C:/Source/projectm/vcpkg_installed/vcpkg/blds/sdl2/x64-windows-dbg/CMakeFiles/CMakeScratch/TryCompile-wxlc64"
    cmakeVariables:
      CMAKE_C_FLAGS: " /nologo /DWIN32 /D_WINDOWS /utf-8 /MP "
      CMAKE_C_FLAGS_DEBUG: "/MDd /Z7 /Ob0 /Od /RTC1 "
      CMAKE_EXE_LINKER_FLAGS: "/machine:x64"
      CMAKE_MODULE_PATH: "C:/Source/projectm/vcpkg_installed/vcpkg/blds/sdl2/src/se-2.32.10-3b143ac573.clean/cmake"
      CMAKE_MSVC_DEBUG_INFORMATION_FORMAT: ""
      CMAKE_MSVC_RUNTIME_LIBRARY: "MultiThreaded$<$<CONFIG:Debug>:Debug>$<$<STREQUAL:dynamic,dynamic>:DLL>"
      VCPKG_CHAINLOAD_TOOLCHAIN_FILE: "C:/Program Files (x86)/Microsoft Visual Studio/2022/BuildTools/VC/vcpkg/scripts/toolchains/windows.cmake"
      VCPKG_CRT_LINKAGE: "dynamic"
      VCPKG_CXX_FLAGS: ""
      VCPKG_CXX_FLAGS_DEBUG: ""
      VCPKG_CXX_FLAGS_RELEASE: ""
      VCPKG_C_FLAGS: ""
      VCPKG_C_FLAGS_DEBUG: ""
      VCPKG_C_FLAGS_RELEASE: ""
      VCPKG_INSTALLED_DIR: "C:/Source/projectm/vcpkg_installed"
      VCPKG_LINKER_FLAGS: ""
      VCPKG_LINKER_FLAGS_DEBUG: ""
      VCPKG_LINKER_FLAGS_RELEASE: ""
      VCPKG_PLATFORM_TOOLSET: "v143"
      VCPKG_PREFER_SYSTEM_LIBS: "OFF"
      VCPKG_SET_CHARSET_FLAG: "ON"
      VCPKG_TARGET_ARCHITECTURE: "x64"
      VCPKG_TARGET_TRIPLET: "x64-windows"
      Z_VCPKG_ROOT_DIR: "C:/Program Files (x86)/Microsoft Visual Studio/2022/BuildTools/VC/vcpkg"
    buildResult:
      variable: "HAVE_D3D12_H"
      cached: true
      stdout: |
        Change Dir: 'C:/Source/projectm/vcpkg_installed/vcpkg/blds/sdl2/x64-windows-dbg/CMakeFiles/CMakeScratch/TryCompile-wxlc64'
        
        Run Build Command(s): C:/Users/diegobaccino/AppData/Local/vcpkg/downloads/tools/ninja/1.13.1-windows/ninja.exe -v cmTC_aca1d
        [1/2] C:\\PROGRA~2\\MICROS~2\\2022\\BUILDT~1\\VC\\Tools\\MSVC\\1444~1.352\\bin\\Hostx64\\x64\\cl.exe  /nologo -DHAVE_D3D12_H  /nologo /DWIN32 /D_WINDOWS /utf-8 /MP   -D_GNU_SOURCE=1 /MDd /Z7 /Ob0 /Od /RTC1  -MDd /showIncludes /FoCMakeFiles\\cmTC_aca1d.dir\\src.c.obj /FdCMakeFiles\\cmTC_aca1d.dir\\ /FS -c C:\\Source\\projectm\\vcpkg_installed\\vcpkg\\blds\\sdl2\\x64-windows-dbg\\CMakeFiles\\CMakeScratch\\TryCompile-wxlc64\\src.c
        [2/2] C:\\WINDOWS\\system32\\cmd.exe /C "cd . && C:\\Users\\diegobaccino\\AppData\\Local\\vcpkg\\downloads\\tools\\cmake-3.30.1-windows\\cmake-3.30.1-windows-i386\\bin\\cmake.exe -E vs_link_exe --intdir=CMakeFiles\\cmTC_aca1d.dir --rc=C:\\PROGRA~2\\WI3CF2~1\\10\\bin\\100261~1.0\\x64\\rc.exe --mt=C:\\PROGRA~2\\WI3CF2~1\\10\\bin\\100261~1.0\\x64\\mt.exe --manifests  -- C:\\PROGRA~2\\MICROS~2\\2022\\BUILDT~1\\VC\\Tools\\MSVC\\1444~1.352\\bin\\Hostx64\\x64\\link.exe /nologo CMakeFiles\\cmTC_aca1d.dir\\src.c.obj  /out:cmTC_aca1d.exe /implib:cmTC_aca1d.lib /pdb:cmTC_aca1d.pdb /version:0.0 /machine:x64  /nologo    /debug /INCREMENTAL /subsystem:console  kernel32.lib user32.lib gdi32.lib winspool.lib shell32.lib ole32.lib oleaut32.lib uuid.lib comdlg32.lib advapi32.lib && cd ."
        
      exitCode: 0
  -
    kind: "try_compile-v1"
    backtrace:
      - "C:/Users/diegobaccino/AppData/Local/vcpkg/downloads/tools/cmake-3.30.1-windows/cmake-3.30.1-windows-i386/share/cmake-3.30/Modules/CheckIncludeFile.cmake:90 (try_compile)"
      - "CMakeLists.txt:1831 (check_include_file)"
    checks:
      - "Looking for ddraw.h"
    directories:
      source: "C:/Source/projectm/vcpkg_installed/vcpkg/blds/sdl2/x64-windows-dbg/CMakeFiles/CMakeScratch/TryCompile-fx8vmx"
      binary: "C:/Source/projectm/vcpkg_installed/vcpkg/blds/sdl2/x64-windows-dbg/CMakeFiles/CMakeScratch/TryCompile-fx8vmx"
    cmakeVariables:
      CMAKE_C_FLAGS: " /nologo /DWIN32 /D_WINDOWS /utf-8 /MP "
      CMAKE_C_FLAGS_DEBUG: "/MDd /Z7 /Ob0 /Od /RTC1 "
      CMAKE_EXE_LINKER_FLAGS: "/machine:x64"
      CMAKE_MODULE_PATH: "C:/Source/projectm/vcpkg_installed/vcpkg/blds/sdl2/src/se-2.32.10-3b143ac573.clean/cmake"
      CMAKE_MSVC_DEBUG_INFORMATION_FORMAT: ""
      CMAKE_MSVC_RUNTIME_LIBRARY: "MultiThreaded$<$<CONFIG:Debug>:Debug>$<$<STREQUAL:dynamic,dynamic>:DLL>"
      VCPKG_CHAINLOAD_TOOLCHAIN_FILE: "C:/Program Files (x86)/Microsoft Visual Studio/2022/BuildTools/VC/vcpkg/scripts/toolchains/windows.cmake"
      VCPKG_CRT_LINKAGE: "dynamic"
      VCPKG_CXX_FLAGS: ""
      VCPKG_CXX_FLAGS_DEBUG: ""
      VCPKG_CXX_FLAGS_RELEASE: ""
      VCPKG_C_FLAGS: ""
      VCPKG_C_FLAGS_DEBUG: ""
      VCPKG_C_FLAGS_RELEASE: ""
      VCPKG_INSTALLED_DIR: "C:/Source/projectm/vcpkg_installed"
      VCPKG_LINKER_FLAGS: ""
      VCPKG_LINKER_FLAGS_DEBUG: ""
      VCPKG_LINKER_FLAGS_RELEASE: ""
      VCPKG_PLATFORM_TOOLSET: "v143"
      VCPKG_PREFER_SYSTEM_LIBS: "OFF"
      VCPKG_SET_CHARSET_FLAG: "ON"
      VCPKG_TARGET_ARCHITECTURE: "x64"
      VCPKG_TARGET_TRIPLET: "x64-windows"
      Z_VCPKG_ROOT_DIR: "C:/Program Files (x86)/Microsoft Visual Studio/2022/BuildTools/VC/vcpkg"
    buildResult:
      variable: "HAVE_DDRAW_H"
      cached: true
      stdout: |
        Change Dir: 'C:/Source/projectm/vcpkg_installed/vcpkg/blds/sdl2/x64-windows-dbg/CMakeFiles/CMakeScratch/TryCompile-fx8vmx'
        
        Run Build Command(s): C:/Users/diegobaccino/AppData/Local/vcpkg/downloads/tools/ninja/1.13.1-windows/ninja.exe -v cmTC_54b42
        [1/2] C:\\PROGRA~2\\MICROS~2\\2022\\BUILDT~1\\VC\\Tools\\MSVC\\1444~1.352\\bin\\Hostx64\\x64\\cl.exe  /nologo   /nologo /DWIN32 /D_WINDOWS /utf-8 /MP   -D_GNU_SOURCE=1 /MDd /Z7 /Ob0 /Od /RTC1  -MDd /showIncludes /FoCMakeFiles\\cmTC_54b42.dir\\CheckIncludeFile.c.obj /FdCMakeFiles\\cmTC_54b42.dir\\ /FS -c C:\\Source\\projectm\\vcpkg_installed\\vcpkg\\blds\\sdl2\\x64-windows-dbg\\CMakeFiles\\CMakeScratch\\TryCompile-fx8vmx\\CheckIncludeFile.c
        [2/2] C:\\WINDOWS\\system32\\cmd.exe /C "cd . && C:\\Users\\diegobaccino\\AppData\\Local\\vcpkg\\downloads\\tools\\cmake-3.30.1-windows\\cmake-3.30.1-windows-i386\\bin\\cmake.exe -E vs_link_exe --intdir=CMakeFiles\\cmTC_54b42.dir --rc=C:\\PROGRA~2\\WI3CF2~1\\10\\bin\\100261~1.0\\x64\\rc.exe --mt=C:\\PROGRA~2\\WI3CF2~1\\10\\bin\\100261~1.0\\x64\\mt.exe --manifests  -- C:\\PROGRA~2\\MICROS~2\\2022\\BUILDT~1\\VC\\Tools\\MSVC\\1444~1.352\\bin\\Hostx64\\x64\\link.exe /nologo CMakeFiles\\cmTC_54b42.dir\\CheckIncludeFile.c.obj  /out:cmTC_54b42.exe /implib:cmTC_54b42.lib /pdb:cmTC_54b42.pdb /version:0.0 /machine:x64  /nologo    /debug /INCREMENTAL /subsystem:console  kernel32.lib user32.lib gdi32.lib winspool.lib shell32.lib ole32.lib oleaut32.lib uuid.lib comdlg32.lib advapi32.lib && cd ."
        
      exitCode: 0
  -
    kind: "try_compile-v1"
    backtrace:
      - "C:/Users/diegobaccino/AppData/Local/vcpkg/downloads/tools/cmake-3.30.1-windows/cmake-3.30.1-windows-i386/share/cmake-3.30/Modules/CheckIncludeFile.cmake:90 (try_compile)"
      - "CMakeLists.txt:1832 (check_include_file)"
    checks:
      - "Looking for dsound.h"
    directories:
      source: "C:/Source/projectm/vcpkg_installed/vcpkg/blds/sdl2/x64-windows-dbg/CMakeFiles/CMakeScratch/TryCompile-ta86du"
      binary: "C:/Source/projectm/vcpkg_installed/vcpkg/blds/sdl2/x64-windows-dbg/CMakeFiles/CMakeScratch/TryCompile-ta86du"
    cmakeVariables:
      CMAKE_C_FLAGS: " /nologo /DWIN32 /D_WINDOWS /utf-8 /MP "
      CMAKE_C_FLAGS_DEBUG: "/MDd /Z7 /Ob0 /Od /RTC1 "
      CMAKE_EXE_LINKER_FLAGS: "/machine:x64"
      CMAKE_MODULE_PATH: "C:/Source/projectm/vcpkg_installed/vcpkg/blds/sdl2/src/se-2.32.10-3b143ac573.clean/cmake"
      CMAKE_MSVC_DEBUG_INFORMATION_FORMAT: ""
      CMAKE_MSVC_RUNTIME_LIBRARY: "MultiThreaded$<$<CONFIG:Debug>:Debug>$<$<STREQUAL:dynamic,dynamic>:DLL>"
      VCPKG_CHAINLOAD_TOOLCHAIN_FILE: "C:/Program Files (x86)/Microsoft Visual Studio/2022/BuildTools/VC/vcpkg/scripts/toolchains/windows.cmake"
      VCPKG_CRT_LINKAGE: "dynamic"
      VCPKG_CXX_FLAGS: ""
      VCPKG_CXX_FLAGS_DEBUG: ""
      VCPKG_CXX_FLAGS_RELEASE: ""
      VCPKG_C_FLAGS: ""
      VCPKG_C_FLAGS_DEBUG: ""
      VCPKG_C_FLAGS_RELEASE: ""
      VCPKG_INSTALLED_DIR: "C:/Source/projectm/vcpkg_installed"
      VCPKG_LINKER_FLAGS: ""
      VCPKG_LINKER_FLAGS_DEBUG: ""
      VCPKG_LINKER_FLAGS_RELEASE: ""
      VCPKG_PLATFORM_TOOLSET: "v143"
      VCPKG_PREFER_SYSTEM_LIBS: "OFF"
      VCPKG_SET_CHARSET_FLAG: "ON"
      VCPKG_TARGET_ARCHITECTURE: "x64"
      VCPKG_TARGET_TRIPLET: "x64-windows"
      Z_VCPKG_ROOT_DIR: "C:/Program Files (x86)/Microsoft Visual Studio/2022/BuildTools/VC/vcpkg"
    buildResult:
      variable: "HAVE_DSOUND_H"
      cached: true
      stdout: |
        Change Dir: 'C:/Source/projectm/vcpkg_installed/vcpkg/blds/sdl2/x64-windows-dbg/CMakeFiles/CMakeScratch/TryCompile-ta86du'
        
        Run Build Command(s): C:/Users/diegobaccino/AppData/Local/vcpkg/downloads/tools/ninja/1.13.1-windows/ninja.exe -v cmTC_629ba
        [1/2] C:\\PROGRA~2\\MICROS~2\\2022\\BUILDT~1\\VC\\Tools\\MSVC\\1444~1.352\\bin\\Hostx64\\x64\\cl.exe  /nologo   /nologo /DWIN32 /D_WINDOWS /utf-8 /MP   -D_GNU_SOURCE=1 /MDd /Z7 /Ob0 /Od /RTC1  -MDd /showIncludes /FoCMakeFiles\\cmTC_629ba.dir\\CheckIncludeFile.c.obj /FdCMakeFiles\\cmTC_629ba.dir\\ /FS -c C:\\Source\\projectm\\vcpkg_installed\\vcpkg\\blds\\sdl2\\x64-windows-dbg\\CMakeFiles\\CMakeScratch\\TryCompile-ta86du\\CheckIncludeFile.c
        [2/2] C:\\WINDOWS\\system32\\cmd.exe /C "cd . && C:\\Users\\diegobaccino\\AppData\\Local\\vcpkg\\downloads\\tools\\cmake-3.30.1-windows\\cmake-3.30.1-windows-i386\\bin\\cmake.exe -E vs_link_exe --intdir=CMakeFiles\\cmTC_629ba.dir --rc=C:\\PROGRA~2\\WI3CF2~1\\10\\bin\\100261~1.0\\x64\\rc.exe --mt=C:\\PROGRA~2\\WI3CF2~1\\10\\bin\\100261~1.0\\x64\\mt.exe --manifests  -- C:\\PROGRA~2\\MICROS~2\\2022\\BUILDT~1\\VC\\Tools\\MSVC\\1444~1.352\\bin\\Hostx64\\x64\\link.exe /nologo CMakeFiles\\cmTC_629ba.dir\\CheckIncludeFile.c.obj  /out:cmTC_629ba.exe /implib:cmTC_629ba.lib /pdb:cmTC_629ba.pdb /version:0.0 /machine:x64  /nologo    /debug /INCREMENTAL /subsystem:console  kernel32.lib user32.lib gdi32.lib winspool.lib shell32.lib ole32.lib oleaut32.lib uuid.lib comdlg32.lib advapi32.lib && cd ."
        
      exitCode: 0
  -
    kind: "try_compile-v1"
    backtrace:
      - "C:/Users/diegobaccino/AppData/Local/vcpkg/downloads/tools/cmake-3.30.1-windows/cmake-3.30.1-windows-i386/share/cmake-3.30/Modules/CheckIncludeFile.cmake:90 (try_compile)"
      - "CMakeLists.txt:1833 (check_include_file)"
    checks:
      - "Looking for dinput.h"
    directories:
      source: "C:/Source/projectm/vcpkg_installed/vcpkg/blds/sdl2/x64-windows-dbg/CMakeFiles/CMakeScratch/TryCompile-j98boo"
      binary: "C:/Source/projectm/vcpkg_installed/vcpkg/blds/sdl2/x64-windows-dbg/CMakeFiles/CMakeScratch/TryCompile-j98boo"
    cmakeVariables:
      CMAKE_C_FLAGS: " /nologo /DWIN32 /D_WINDOWS /utf-8 /MP "
      CMAKE_C_FLAGS_DEBUG: "/MDd /Z7 /Ob0 /Od /RTC1 "
      CMAKE_EXE_LINKER_FLAGS: "/machine:x64"
      CMAKE_MODULE_PATH: "C:/Source/projectm/vcpkg_installed/vcpkg/blds/sdl2/src/se-2.32.10-3b143ac573.clean/cmake"
      CMAKE_MSVC_DEBUG_INFORMATION_FORMAT: ""
      CMAKE_MSVC_RUNTIME_LIBRARY: "MultiThreaded$<$<CONFIG:Debug>:Debug>$<$<STREQUAL:dynamic,dynamic>:DLL>"
      VCPKG_CHAINLOAD_TOOLCHAIN_FILE: "C:/Program Files (x86)/Microsoft Visual Studio/2022/BuildTools/VC/vcpkg/scripts/toolchains/windows.cmake"
      VCPKG_CRT_LINKAGE: "dynamic"
      VCPKG_CXX_FLAGS: ""
      VCPKG_CXX_FLAGS_DEBUG: ""
      VCPKG_CXX_FLAGS_RELEASE: ""
      VCPKG_C_FLAGS: ""
      VCPKG_C_FLAGS_DEBUG: ""
      VCPKG_C_FLAGS_RELEASE: ""
      VCPKG_INSTALLED_DIR: "C:/Source/projectm/vcpkg_installed"
      VCPKG_LINKER_FLAGS: ""
      VCPKG_LINKER_FLAGS_DEBUG: ""
      VCPKG_LINKER_FLAGS_RELEASE: ""
      VCPKG_PLATFORM_TOOLSET: "v143"
      VCPKG_PREFER_SYSTEM_LIBS: "OFF"
      VCPKG_SET_CHARSET_FLAG: "ON"
      VCPKG_TARGET_ARCHITECTURE: "x64"
      VCPKG_TARGET_TRIPLET: "x64-windows"
      Z_VCPKG_ROOT_DIR: "C:/Program Files (x86)/Microsoft Visual Studio/2022/BuildTools/VC/vcpkg"
    buildResult:
      variable: "HAVE_DINPUT_H"
      cached: true
      stdout: |
        Change Dir: 'C:/Source/projectm/vcpkg_installed/vcpkg/blds/sdl2/x64-windows-dbg/CMakeFiles/CMakeScratch/TryCompile-j98boo'
        
        Run Build Command(s): C:/Users/diegobaccino/AppData/Local/vcpkg/downloads/tools/ninja/1.13.1-windows/ninja.exe -v cmTC_d7977
        [1/2] C:\\PROGRA~2\\MICROS~2\\2022\\BUILDT~1\\VC\\Tools\\MSVC\\1444~1.352\\bin\\Hostx64\\x64\\cl.exe  /nologo   /nologo /DWIN32 /D_WINDOWS /utf-8 /MP   -D_GNU_SOURCE=1 /MDd /Z7 /Ob0 /Od /RTC1  -MDd /showIncludes /FoCMakeFiles\\cmTC_d7977.dir\\CheckIncludeFile.c.obj /FdCMakeFiles\\cmTC_d7977.dir\\ /FS -c C:\\Source\\projectm\\vcpkg_installed\\vcpkg\\blds\\sdl2\\x64-windows-dbg\\CMakeFiles\\CMakeScratch\\TryCompile-j98boo\\CheckIncludeFile.c
        C:\\Program Files (x86)\\Windows Kits\\10\\include\\10.0.26100.0\\um\\dinput.h: DIRECTINPUT_VERSION undefined. Defaulting to version 0x0800
        [2/2] C:\\WINDOWS\\system32\\cmd.exe /C "cd . && C:\\Users\\diegobaccino\\AppData\\Local\\vcpkg\\downloads\\tools\\cmake-3.30.1-windows\\cmake-3.30.1-windows-i386\\bin\\cmake.exe -E vs_link_exe --intdir=CMakeFiles\\cmTC_d7977.dir --rc=C:\\PROGRA~2\\WI3CF2~1\\10\\bin\\100261~1.0\\x64\\rc.exe --mt=C:\\PROGRA~2\\WI3CF2~1\\10\\bin\\100261~1.0\\x64\\mt.exe --manifests  -- C:\\PROGRA~2\\MICROS~2\\2022\\BUILDT~1\\VC\\Tools\\MSVC\\1444~1.352\\bin\\Hostx64\\x64\\link.exe /nologo CMakeFiles\\cmTC_d7977.dir\\CheckIncludeFile.c.obj  /out:cmTC_d7977.exe /implib:cmTC_d7977.lib /pdb:cmTC_d7977.pdb /version:0.0 /machine:x64  /nologo    /debug /INCREMENTAL /subsystem:console  kernel32.lib user32.lib gdi32.lib winspool.lib shell32.lib ole32.lib oleaut32.lib uuid.lib comdlg32.lib advapi32.lib && cd ."
        
      exitCode: 0
  -
    kind: "try_compile-v1"
    backtrace:
      - "C:/Users/diegobaccino/AppData/Local/vcpkg/downloads/tools/cmake-3.30.1-windows/cmake-3.30.1-windows-i386/share/cmake-3.30/Modules/CheckIncludeFile.cmake:90 (try_compile)"
      - "CMakeLists.txt:1837 (check_include_file)"
    checks:
      - "Looking for dxgi.h"
    directories:
      source: "C:/Source/projectm/vcpkg_installed/vcpkg/blds/sdl2/x64-windows-dbg/CMakeFiles/CMakeScratch/TryCompile-jnwvgo"
      binary: "C:/Source/projectm/vcpkg_installed/vcpkg/blds/sdl2/x64-windows-dbg/CMakeFiles/CMakeScratch/TryCompile-jnwvgo"
    cmakeVariables:
      CMAKE_C_FLAGS: " /nologo /DWIN32 /D_WINDOWS /utf-8 /MP "
      CMAKE_C_FLAGS_DEBUG: "/MDd /Z7 /Ob0 /Od /RTC1 "
      CMAKE_EXE_LINKER_FLAGS: "/machine:x64"
      CMAKE_MODULE_PATH: "C:/Source/projectm/vcpkg_installed/vcpkg/blds/sdl2/src/se-2.32.10-3b143ac573.clean/cmake"
      CMAKE_MSVC_DEBUG_INFORMATION_FORMAT: ""
      CMAKE_MSVC_RUNTIME_LIBRARY: "MultiThreaded$<$<CONFIG:Debug>:Debug>$<$<STREQUAL:dynamic,dynamic>:DLL>"
      VCPKG_CHAINLOAD_TOOLCHAIN_FILE: "C:/Program Files (x86)/Microsoft Visual Studio/2022/BuildTools/VC/vcpkg/scripts/toolchains/windows.cmake"
      VCPKG_CRT_LINKAGE: "dynamic"
      VCPKG_CXX_FLAGS: ""
      VCPKG_CXX_FLAGS_DEBUG: ""
      VCPKG_CXX_FLAGS_RELEASE: ""
      VCPKG_C_FLAGS: ""
      VCPKG_C_FLAGS_DEBUG: ""
      VCPKG_C_FLAGS_RELEASE: ""
      VCPKG_INSTALLED_DIR: "C:/Source/projectm/vcpkg_installed"
      VCPKG_LINKER_FLAGS: ""
      VCPKG_LINKER_FLAGS_DEBUG: ""
      VCPKG_LINKER_FLAGS_RELEASE: ""
      VCPKG_PLATFORM_TOOLSET: "v143"
      VCPKG_PREFER_SYSTEM_LIBS: "OFF"
      VCPKG_SET_CHARSET_FLAG: "ON"
      VCPKG_TARGET_ARCHITECTURE: "x64"
      VCPKG_TARGET_TRIPLET: "x64-windows"
      Z_VCPKG_ROOT_DIR: "C:/Program Files (x86)/Microsoft Visual Studio/2022/BuildTools/VC/vcpkg"
    buildResult:
      variable: "HAVE_DXGI_H"
      cached: true
      stdout: |
        Change Dir: 'C:/Source/projectm/vcpkg_installed/vcpkg/blds/sdl2/x64-windows-dbg/CMakeFiles/CMakeScratch/TryCompile-jnwvgo'
        
        Run Build Command(s): C:/Users/diegobaccino/AppData/Local/vcpkg/downloads/tools/ninja/1.13.1-windows/ninja.exe -v cmTC_6d517
        [1/2] C:\\PROGRA~2\\MICROS~2\\2022\\BUILDT~1\\VC\\Tools\\MSVC\\1444~1.352\\bin\\Hostx64\\x64\\cl.exe  /nologo   /nologo /DWIN32 /D_WINDOWS /utf-8 /MP   -D_GNU_SOURCE=1 /MDd /Z7 /Ob0 /Od /RTC1  -MDd /showIncludes /FoCMakeFiles\\cmTC_6d517.dir\\CheckIncludeFile.c.obj /FdCMakeFiles\\cmTC_6d517.dir\\ /FS -c C:\\Source\\projectm\\vcpkg_installed\\vcpkg\\blds\\sdl2\\x64-windows-dbg\\CMakeFiles\\CMakeScratch\\TryCompile-jnwvgo\\CheckIncludeFile.c
        [2/2] C:\\WINDOWS\\system32\\cmd.exe /C "cd . && C:\\Users\\diegobaccino\\AppData\\Local\\vcpkg\\downloads\\tools\\cmake-3.30.1-windows\\cmake-3.30.1-windows-i386\\bin\\cmake.exe -E vs_link_exe --intdir=CMakeFiles\\cmTC_6d517.dir --rc=C:\\PROGRA~2\\WI3CF2~1\\10\\bin\\100261~1.0\\x64\\rc.exe --mt=C:\\PROGRA~2\\WI3CF2~1\\10\\bin\\100261~1.0\\x64\\mt.exe --manifests  -- C:\\PROGRA~2\\MICROS~2\\2022\\BUILDT~1\\VC\\Tools\\MSVC\\1444~1.352\\bin\\Hostx64\\x64\\link.exe /nologo CMakeFiles\\cmTC_6d517.dir\\CheckIncludeFile.c.obj  /out:cmTC_6d517.exe /implib:cmTC_6d517.lib /pdb:cmTC_6d517.pdb /version:0.0 /machine:x64  /nologo    /debug /INCREMENTAL /subsystem:console  kernel32.lib user32.lib gdi32.lib winspool.lib shell32.lib ole32.lib oleaut32.lib uuid.lib comdlg32.lib advapi32.lib && cd ."
        
      exitCode: 0
  -
    kind: "try_compile-v1"
    backtrace:
      - "C:/Users/diegobaccino/AppData/Local/vcpkg/downloads/tools/cmake-3.30.1-windows/cmake-3.30.1-windows-i386/share/cmake-3.30/Modules/Internal/CheckSourceCompiles.cmake:101 (try_compile)"
      - "C:/Users/diegobaccino/AppData/Local/vcpkg/downloads/tools/cmake-3.30.1-windows/cmake-3.30.1-windows-i386/share/cmake-3.30/Modules/CheckCSourceCompiles.cmake:52 (cmake_check_source_compiles)"
      - "CMakeLists.txt:1853 (check_c_source_compiles)"
    checks:
      - "Performing Test HAVE_XINPUT_H"
    directories:
      source: "C:/Source/projectm/vcpkg_installed/vcpkg/blds/sdl2/x64-windows-dbg/CMakeFiles/CMakeScratch/TryCompile-m1yifr"
      binary: "C:/Source/projectm/vcpkg_installed/vcpkg/blds/sdl2/x64-windows-dbg/CMakeFiles/CMakeScratch/TryCompile-m1yifr"
    cmakeVariables:
      CMAKE_C_FLAGS: " /nologo /DWIN32 /D_WINDOWS /utf-8 /MP "
      CMAKE_C_FLAGS_DEBUG: "/MDd /Z7 /Ob0 /Od /RTC1 "
      CMAKE_EXE_LINKER_FLAGS: "/machine:x64"
      CMAKE_MODULE_PATH: "C:/Source/projectm/vcpkg_installed/vcpkg/blds/sdl2/src/se-2.32.10-3b143ac573.clean/cmake"
      CMAKE_MSVC_DEBUG_INFORMATION_FORMAT: ""
      CMAKE_MSVC_RUNTIME_LIBRARY: "MultiThreaded$<$<CONFIG:Debug>:Debug>$<$<STREQUAL:dynamic,dynamic>:DLL>"
      VCPKG_CHAINLOAD_TOOLCHAIN_FILE: "C:/Program Files (x86)/Microsoft Visual Studio/2022/BuildTools/VC/vcpkg/scripts/toolchains/windows.cmake"
      VCPKG_CRT_LINKAGE: "dynamic"
      VCPKG_CXX_FLAGS: ""
      VCPKG_CXX_FLAGS_DEBUG: ""
      VCPKG_CXX_FLAGS_RELEASE: ""
      VCPKG_C_FLAGS: ""
      VCPKG_C_FLAGS_DEBUG: ""
      VCPKG_C_FLAGS_RELEASE: ""
      VCPKG_INSTALLED_DIR: "C:/Source/projectm/vcpkg_installed"
      VCPKG_LINKER_FLAGS: ""
      VCPKG_LINKER_FLAGS_DEBUG: ""
      VCPKG_LINKER_FLAGS_RELEASE: ""
      VCPKG_PLATFORM_TOOLSET: "v143"
      VCPKG_PREFER_SYSTEM_LIBS: "OFF"
      VCPKG_SET_CHARSET_FLAG: "ON"
      VCPKG_TARGET_ARCHITECTURE: "x64"
      VCPKG_TARGET_TRIPLET: "x64-windows"
      Z_VCPKG_ROOT_DIR: "C:/Program Files (x86)/Microsoft Visual Studio/2022/BuildTools/VC/vcpkg"
    buildResult:
      variable: "HAVE_XINPUT_H"
      cached: true
      stdout: |
        Change Dir: 'C:/Source/projectm/vcpkg_installed/vcpkg/blds/sdl2/x64-windows-dbg/CMakeFiles/CMakeScratch/TryCompile-m1yifr'
        
        Run Build Command(s): C:/Users/diegobaccino/AppData/Local/vcpkg/downloads/tools/ninja/1.13.1-windows/ninja.exe -v cmTC_bd955
        [1/2] C:\\PROGRA~2\\MICROS~2\\2022\\BUILDT~1\\VC\\Tools\\MSVC\\1444~1.352\\bin\\Hostx64\\x64\\cl.exe  /nologo -DHAVE_XINPUT_H  /nologo /DWIN32 /D_WINDOWS /utf-8 /MP   -D_GNU_SOURCE=1 /MDd /Z7 /Ob0 /Od /RTC1  -MDd /showIncludes /FoCMakeFiles\\cmTC_bd955.dir\\src.c.obj /FdCMakeFiles\\cmTC_bd955.dir\\ /FS -c C:\\Source\\projectm\\vcpkg_installed\\vcpkg\\blds\\sdl2\\x64-windows-dbg\\CMakeFiles\\CMakeScratch\\TryCompile-m1yifr\\src.c
        [2/2] C:\\WINDOWS\\system32\\cmd.exe /C "cd . && C:\\Users\\diegobaccino\\AppData\\Local\\vcpkg\\downloads\\tools\\cmake-3.30.1-windows\\cmake-3.30.1-windows-i386\\bin\\cmake.exe -E vs_link_exe --intdir=CMakeFiles\\cmTC_bd955.dir --rc=C:\\PROGRA~2\\WI3CF2~1\\10\\bin\\100261~1.0\\x64\\rc.exe --mt=C:\\PROGRA~2\\WI3CF2~1\\10\\bin\\100261~1.0\\x64\\mt.exe --manifests  -- C:\\PROGRA~2\\MICROS~2\\2022\\BUILDT~1\\VC\\Tools\\MSVC\\1444~1.352\\bin\\Hostx64\\x64\\link.exe /nologo CMakeFiles\\cmTC_bd955.dir\\src.c.obj  /out:cmTC_bd955.exe /implib:cmTC_bd955.lib /pdb:cmTC_bd955.pdb /version:0.0 /machine:x64  /nologo    /debug /INCREMENTAL /subsystem:console  kernel32.lib user32.lib gdi32.lib winspool.lib shell32.lib ole32.lib oleaut32.lib uuid.lib comdlg32.lib advapi32.lib && cd ."
        
      exitCode: 0
  -
    kind: "try_compile-v1"
    backtrace:
      - "C:/Users/diegobaccino/AppData/Local/vcpkg/downloads/tools/cmake-3.30.1-windows/cmake-3.30.1-windows-i386/share/cmake-3.30/Modules/Internal/CheckSourceCompiles.cmake:101 (try_compile)"
      - "C:/Users/diegobaccino/AppData/Local/vcpkg/downloads/tools/cmake-3.30.1-windows/cmake-3.30.1-windows-i386/share/cmake-3.30/Modules/CheckCSourceCompiles.cmake:52 (cmake_check_source_compiles)"
      - "CMakeLists.txt:1857 (check_c_source_compiles)"
    checks:
      - "Performing Test HAVE_WINDOWS_GAMING_INPUT_H"
    directories:
      source: "C:/Source/projectm/vcpkg_installed/vcpkg/blds/sdl2/x64-windows-dbg/CMakeFiles/CMakeScratch/TryCompile-kxyvg8"
      binary: "C:/Source/projectm/vcpkg_installed/vcpkg/blds/sdl2/x64-windows-dbg/CMakeFiles/CMakeScratch/TryCompile-kxyvg8"
    cmakeVariables:
      CMAKE_C_FLAGS: " /nologo /DWIN32 /D_WINDOWS /utf-8 /MP "
      CMAKE_C_FLAGS_DEBUG: "/MDd /Z7 /Ob0 /Od /RTC1 "
      CMAKE_EXE_LINKER_FLAGS: "/machine:x64"
      CMAKE_MODULE_PATH: "C:/Source/projectm/vcpkg_installed/vcpkg/blds/sdl2/src/se-2.32.10-3b143ac573.clean/cmake"
      CMAKE_MSVC_DEBUG_INFORMATION_FORMAT: ""
      CMAKE_MSVC_RUNTIME_LIBRARY: "MultiThreaded$<$<CONFIG:Debug>:Debug>$<$<STREQUAL:dynamic,dynamic>:DLL>"
      VCPKG_CHAINLOAD_TOOLCHAIN_FILE: "C:/Program Files (x86)/Microsoft Visual Studio/2022/BuildTools/VC/vcpkg/scripts/toolchains/windows.cmake"
      VCPKG_CRT_LINKAGE: "dynamic"
      VCPKG_CXX_FLAGS: ""
      VCPKG_CXX_FLAGS_DEBUG: ""
      VCPKG_CXX_FLAGS_RELEASE: ""
      VCPKG_C_FLAGS: ""
      VCPKG_C_FLAGS_DEBUG: ""
      VCPKG_C_FLAGS_RELEASE: ""
      VCPKG_INSTALLED_DIR: "C:/Source/projectm/vcpkg_installed"
      VCPKG_LINKER_FLAGS: ""
      VCPKG_LINKER_FLAGS_DEBUG: ""
      VCPKG_LINKER_FLAGS_RELEASE: ""
      VCPKG_PLATFORM_TOOLSET: "v143"
      VCPKG_PREFER_SYSTEM_LIBS: "OFF"
      VCPKG_SET_CHARSET_FLAG: "ON"
      VCPKG_TARGET_ARCHITECTURE: "x64"
      VCPKG_TARGET_TRIPLET: "x64-windows"
      Z_VCPKG_ROOT_DIR: "C:/Program Files (x86)/Microsoft Visual Studio/2022/BuildTools/VC/vcpkg"
    buildResult:
      variable: "HAVE_WINDOWS_GAMING_INPUT_H"
      cached: true
      stdout: |
        Change Dir: 'C:/Source/projectm/vcpkg_installed/vcpkg/blds/sdl2/x64-windows-dbg/CMakeFiles/CMakeScratch/TryCompile-kxyvg8'
        
        Run Build Command(s): C:/Users/diegobaccino/AppData/Local/vcpkg/downloads/tools/ninja/1.13.1-windows/ninja.exe -v cmTC_ec941
        [1/2] C:\\PROGRA~2\\MICROS~2\\2022\\BUILDT~1\\VC\\Tools\\MSVC\\1444~1.352\\bin\\Hostx64\\x64\\cl.exe  /nologo -DHAVE_WINDOWS_GAMING_INPUT_H  /nologo /DWIN32 /D_WINDOWS /utf-8 /MP   -D_GNU_SOURCE=1 /MDd /Z7 /Ob0 /Od /RTC1  -MDd /showIncludes /FoCMakeFiles\\cmTC_ec941.dir\\src.c.obj /FdCMakeFiles\\cmTC_ec941.dir\\ /FS -c C:\\Source\\projectm\\vcpkg_installed\\vcpkg\\blds\\sdl2\\x64-windows-dbg\\CMakeFiles\\CMakeScratch\\TryCompile-kxyvg8\\src.c
        [2/2] C:\\WINDOWS\\system32\\cmd.exe /C "cd . && C:\\Users\\diegobaccino\\AppData\\Local\\vcpkg\\downloads\\tools\\cmake-3.30.1-windows\\cmake-3.30.1-windows-i386\\bin\\cmake.exe -E vs_link_exe --intdir=CMakeFiles\\cmTC_ec941.dir --rc=C:\\PROGRA~2\\WI3CF2~1\\10\\bin\\100261~1.0\\x64\\rc.exe --mt=C:\\PROGRA~2\\WI3CF2~1\\10\\bin\\100261~1.0\\x64\\mt.exe --manifests  -- C:\\PROGRA~2\\MICROS~2\\2022\\BUILDT~1\\VC\\Tools\\MSVC\\1444~1.352\\bin\\Hostx64\\x64\\link.exe /nologo CMakeFiles\\cmTC_ec941.dir\\src.c.obj  /out:cmTC_ec941.exe /implib:cmTC_ec941.lib /pdb:cmTC_ec941.pdb /version:0.0 /machine:x64  /nologo    /debug /INCREMENTAL /subsystem:console  kernel32.lib user32.lib gdi32.lib winspool.lib shell32.lib ole32.lib oleaut32.lib uuid.lib comdlg32.lib advapi32.lib && cd ."
        
      exitCode: 0
  -
    kind: "try_compile-v1"
    backtrace:
      - "C:/Users/diegobaccino/AppData/Local/vcpkg/downloads/tools/cmake-3.30.1-windows/cmake-3.30.1-windows-i386/share/cmake-3.30/Modules/CheckIncludeFile.cmake:90 (try_compile)"
      - "CMakeLists.txt:1865 (check_include_file)"
    checks:
      - "Looking for tpcshrd.h"
    directories:
      source: "C:/Source/projectm/vcpkg_installed/vcpkg/blds/sdl2/x64-windows-dbg/CMakeFiles/CMakeScratch/TryCompile-zwmpqj"
      binary: "C:/Source/projectm/vcpkg_installed/vcpkg/blds/sdl2/x64-windows-dbg/CMakeFiles/CMakeScratch/TryCompile-zwmpqj"
    cmakeVariables:
      CMAKE_C_FLAGS: " /nologo /DWIN32 /D_WINDOWS /utf-8 /MP "
      CMAKE_C_FLAGS_DEBUG: "/MDd /Z7 /Ob0 /Od /RTC1 "
      CMAKE_EXE_LINKER_FLAGS: "/machine:x64"
      CMAKE_MODULE_PATH: "C:/Source/projectm/vcpkg_installed/vcpkg/blds/sdl2/src/se-2.32.10-3b143ac573.clean/cmake"
      CMAKE_MSVC_DEBUG_INFORMATION_FORMAT: ""
      CMAKE_MSVC_RUNTIME_LIBRARY: "MultiThreaded$<$<CONFIG:Debug>:Debug>$<$<STREQUAL:dynamic,dynamic>:DLL>"
      VCPKG_CHAINLOAD_TOOLCHAIN_FILE: "C:/Program Files (x86)/Microsoft Visual Studio/2022/BuildTools/VC/vcpkg/scripts/toolchains/windows.cmake"
      VCPKG_CRT_LINKAGE: "dynamic"
      VCPKG_CXX_FLAGS: ""
      VCPKG_CXX_FLAGS_DEBUG: ""
      VCPKG_CXX_FLAGS_RELEASE: ""
      VCPKG_C_FLAGS: ""
      VCPKG_C_FLAGS_DEBUG: ""
      VCPKG_C_FLAGS_RELEASE: ""
      VCPKG_INSTALLED_DIR: "C:/Source/projectm/vcpkg_installed"
      VCPKG_LINKER_FLAGS: ""
      VCPKG_LINKER_FLAGS_DEBUG: ""
      VCPKG_LINKER_FLAGS_RELEASE: ""
      VCPKG_PLATFORM_TOOLSET: "v143"
      VCPKG_PREFER_SYSTEM_LIBS: "OFF"
      VCPKG_SET_CHARSET_FLAG: "ON"
      VCPKG_TARGET_ARCHITECTURE: "x64"
      VCPKG_TARGET_TRIPLET: "x64-windows"
      Z_VCPKG_ROOT_DIR: "C:/Program Files (x86)/Microsoft Visual Studio/2022/BuildTools/VC/vcpkg"
    buildResult:
      variable: "HAVE_TPCSHRD_H"
      cached: true
      stdout: |
        Change Dir: 'C:/Source/projectm/vcpkg_installed/vcpkg/blds/sdl2/x64-windows-dbg/CMakeFiles/CMakeScratch/TryCompile-zwmpqj'
        
        Run Build Command(s): C:/Users/diegobaccino/AppData/Local/vcpkg/downloads/tools/ninja/1.13.1-windows/ninja.exe -v cmTC_e33f3
        [1/2] C:\\PROGRA~2\\MICROS~2\\2022\\BUILDT~1\\VC\\Tools\\MSVC\\1444~1.352\\bin\\Hostx64\\x64\\cl.exe  /nologo   /nologo /DWIN32 /D_WINDOWS /utf-8 /MP   -D_GNU_SOURCE=1 /MDd /Z7 /Ob0 /Od /RTC1  -MDd /showIncludes /FoCMakeFiles\\cmTC_e33f3.dir\\CheckIncludeFile.c.obj /FdCMakeFiles\\cmTC_e33f3.dir\\ /FS -c C:\\Source\\projectm\\vcpkg_installed\\vcpkg\\blds\\sdl2\\x64-windows-dbg\\CMakeFiles\\CMakeScratch\\TryCompile-zwmpqj\\CheckIncludeFile.c
        [2/2] C:\\WINDOWS\\system32\\cmd.exe /C "cd . && C:\\Users\\diegobaccino\\AppData\\Local\\vcpkg\\downloads\\tools\\cmake-3.30.1-windows\\cmake-3.30.1-windows-i386\\bin\\cmake.exe -E vs_link_exe --intdir=CMakeFiles\\cmTC_e33f3.dir --rc=C:\\PROGRA~2\\WI3CF2~1\\10\\bin\\100261~1.0\\x64\\rc.exe --mt=C:\\PROGRA~2\\WI3CF2~1\\10\\bin\\100261~1.0\\x64\\mt.exe --manifests  -- C:\\PROGRA~2\\MICROS~2\\2022\\BUILDT~1\\VC\\Tools\\MSVC\\1444~1.352\\bin\\Hostx64\\x64\\link.exe /nologo CMakeFiles\\cmTC_e33f3.dir\\CheckIncludeFile.c.obj  /out:cmTC_e33f3.exe /implib:cmTC_e33f3.lib /pdb:cmTC_e33f3.pdb /version:0.0 /machine:x64  /nologo    /debug /INCREMENTAL /subsystem:console  kernel32.lib user32.lib gdi32.lib winspool.lib shell32.lib ole32.lib oleaut32.lib uuid.lib comdlg32.lib advapi32.lib && cd ."
        
      exitCode: 0
  -
    kind: "try_compile-v1"
    backtrace:
      - "C:/Users/diegobaccino/AppData/Local/vcpkg/downloads/tools/cmake-3.30.1-windows/cmake-3.30.1-windows-i386/share/cmake-3.30/Modules/CheckIncludeFile.cmake:90 (try_compile)"
      - "CMakeLists.txt:1866 (check_include_file)"
    checks:
      - "Looking for roapi.h"
    directories:
      source: "C:/Source/projectm/vcpkg_installed/vcpkg/blds/sdl2/x64-windows-dbg/CMakeFiles/CMakeScratch/TryCompile-8jf3n3"
      binary: "C:/Source/projectm/vcpkg_installed/vcpkg/blds/sdl2/x64-windows-dbg/CMakeFiles/CMakeScratch/TryCompile-8jf3n3"
    cmakeVariables:
      CMAKE_C_FLAGS: " /nologo /DWIN32 /D_WINDOWS /utf-8 /MP "
      CMAKE_C_FLAGS_DEBUG: "/MDd /Z7 /Ob0 /Od /RTC1 "
      CMAKE_EXE_LINKER_FLAGS: "/machine:x64"
      CMAKE_MODULE_PATH: "C:/Source/projectm/vcpkg_installed/vcpkg/blds/sdl2/src/se-2.32.10-3b143ac573.clean/cmake"
      CMAKE_MSVC_DEBUG_INFORMATION_FORMAT: ""
      CMAKE_MSVC_RUNTIME_LIBRARY: "MultiThreaded$<$<CONFIG:Debug>:Debug>$<$<STREQUAL:dynamic,dynamic>:DLL>"
      VCPKG_CHAINLOAD_TOOLCHAIN_FILE: "C:/Program Files (x86)/Microsoft Visual Studio/2022/BuildTools/VC/vcpkg/scripts/toolchains/windows.cmake"
      VCPKG_CRT_LINKAGE: "dynamic"
      VCPKG_CXX_FLAGS: ""
      VCPKG_CXX_FLAGS_DEBUG: ""
      VCPKG_CXX_FLAGS_RELEASE: ""
      VCPKG_C_FLAGS: ""
      VCPKG_C_FLAGS_DEBUG: ""
      VCPKG_C_FLAGS_RELEASE: ""
      VCPKG_INSTALLED_DIR: "C:/Source/projectm/vcpkg_installed"
      VCPKG_LINKER_FLAGS: ""
      VCPKG_LINKER_FLAGS_DEBUG: ""
      VCPKG_LINKER_FLAGS_RELEASE: ""
      VCPKG_PLATFORM_TOOLSET: "v143"
      VCPKG_PREFER_SYSTEM_LIBS: "OFF"
      VCPKG_SET_CHARSET_FLAG: "ON"
      VCPKG_TARGET_ARCHITECTURE: "x64"
      VCPKG_TARGET_TRIPLET: "x64-windows"
      Z_VCPKG_ROOT_DIR: "C:/Program Files (x86)/Microsoft Visual Studio/2022/BuildTools/VC/vcpkg"
    buildResult:
      variable: "HAVE_ROAPI_H"
      cached: true
      stdout: |
        Change Dir: 'C:/Source/projectm/vcpkg_installed/vcpkg/blds/sdl2/x64-windows-dbg/CMakeFiles/CMakeScratch/TryCompile-8jf3n3'
        
        Run Build Command(s): C:/Users/diegobaccino/AppData/Local/vcpkg/downloads/tools/ninja/1.13.1-windows/ninja.exe -v cmTC_155a8
        [1/2] C:\\PROGRA~2\\MICROS~2\\2022\\BUILDT~1\\VC\\Tools\\MSVC\\1444~1.352\\bin\\Hostx64\\x64\\cl.exe  /nologo   /nologo /DWIN32 /D_WINDOWS /utf-8 /MP   -D_GNU_SOURCE=1 /MDd /Z7 /Ob0 /Od /RTC1  -MDd /showIncludes /FoCMakeFiles\\cmTC_155a8.dir\\CheckIncludeFile.c.obj /FdCMakeFiles\\cmTC_155a8.dir\\ /FS -c C:\\Source\\projectm\\vcpkg_installed\\vcpkg\\blds\\sdl2\\x64-windows-dbg\\CMakeFiles\\CMakeScratch\\TryCompile-8jf3n3\\CheckIncludeFile.c
        [2/2] C:\\WINDOWS\\system32\\cmd.exe /C "cd . && C:\\Users\\diegobaccino\\AppData\\Local\\vcpkg\\downloads\\tools\\cmake-3.30.1-windows\\cmake-3.30.1-windows-i386\\bin\\cmake.exe -E vs_link_exe --intdir=CMakeFiles\\cmTC_155a8.dir --rc=C:\\PROGRA~2\\WI3CF2~1\\10\\bin\\100261~1.0\\x64\\rc.exe --mt=C:\\PROGRA~2\\WI3CF2~1\\10\\bin\\100261~1.0\\x64\\mt.exe --manifests  -- C:\\PROGRA~2\\MICROS~2\\2022\\BUILDT~1\\VC\\Tools\\MSVC\\1444~1.352\\bin\\Hostx64\\x64\\link.exe /nologo CMakeFiles\\cmTC_155a8.dir\\CheckIncludeFile.c.obj  /out:cmTC_155a8.exe /implib:cmTC_155a8.lib /pdb:cmTC_155a8.pdb /version:0.0 /machine:x64  /nologo    /debug /INCREMENTAL /subsystem:console  kernel32.lib user32.lib gdi32.lib winspool.lib shell32.lib ole32.lib oleaut32.lib uuid.lib comdlg32.lib advapi32.lib && cd ."
        
      exitCode: 0
  -
    kind: "try_compile-v1"
    backtrace:
      - "C:/Users/diegobaccino/AppData/Local/vcpkg/downloads/tools/cmake-3.30.1-windows/cmake-3.30.1-windows-i386/share/cmake-3.30/Modules/CheckIncludeFile.cmake:90 (try_compile)"
      - "CMakeLists.txt:1867 (check_include_file)"
    checks:
      - "Looking for mmdeviceapi.h"
    directories:
      source: "C:/Source/projectm/vcpkg_installed/vcpkg/blds/sdl2/x64-windows-dbg/CMakeFiles/CMakeScratch/TryCompile-u4iufz"
      binary: "C:/Source/projectm/vcpkg_installed/vcpkg/blds/sdl2/x64-windows-dbg/CMakeFiles/CMakeScratch/TryCompile-u4iufz"
    cmakeVariables:
      CMAKE_C_FLAGS: " /nologo /DWIN32 /D_WINDOWS /utf-8 /MP "
      CMAKE_C_FLAGS_DEBUG: "/MDd /Z7 /Ob0 /Od /RTC1 "
      CMAKE_EXE_LINKER_FLAGS: "/machine:x64"
      CMAKE_MODULE_PATH: "C:/Source/projectm/vcpkg_installed/vcpkg/blds/sdl2/src/se-2.32.10-3b143ac573.clean/cmake"
      CMAKE_MSVC_DEBUG_INFORMATION_FORMAT: ""
      CMAKE_MSVC_RUNTIME_LIBRARY: "MultiThreaded$<$<CONFIG:Debug>:Debug>$<$<STREQUAL:dynamic,dynamic>:DLL>"
      VCPKG_CHAINLOAD_TOOLCHAIN_FILE: "C:/Program Files (x86)/Microsoft Visual Studio/2022/BuildTools/VC/vcpkg/scripts/toolchains/windows.cmake"
      VCPKG_CRT_LINKAGE: "dynamic"
      VCPKG_CXX_FLAGS: ""
      VCPKG_CXX_FLAGS_DEBUG: ""
      VCPKG_CXX_FLAGS_RELEASE: ""
      VCPKG_C_FLAGS: ""
      VCPKG_C_FLAGS_DEBUG: ""
      VCPKG_C_FLAGS_RELEASE: ""
      VCPKG_INSTALLED_DIR: "C:/Source/projectm/vcpkg_installed"
      VCPKG_LINKER_FLAGS: ""
      VCPKG_LINKER_FLAGS_DEBUG: ""
      VCPKG_LINKER_FLAGS_RELEASE: ""
      VCPKG_PLATFORM_TOOLSET: "v143"
      VCPKG_PREFER_SYSTEM_LIBS: "OFF"
      VCPKG_SET_CHARSET_FLAG: "ON"
      VCPKG_TARGET_ARCHITECTURE: "x64"
      VCPKG_TARGET_TRIPLET: "x64-windows"
      Z_VCPKG_ROOT_DIR: "C:/Program Files (x86)/Microsoft Visual Studio/2022/BuildTools/VC/vcpkg"
    buildResult:
      variable: "HAVE_MMDEVICEAPI_H"
      cached: true
      stdout: |
        Change Dir: 'C:/Source/projectm/vcpkg_installed/vcpkg/blds/sdl2/x64-windows-dbg/CMakeFiles/CMakeScratch/TryCompile-u4iufz'
        
        Run Build Command(s): C:/Users/diegobaccino/AppData/Local/vcpkg/downloads/tools/ninja/1.13.1-windows/ninja.exe -v cmTC_7b828
        [1/2] C:\\PROGRA~2\\MICROS~2\\2022\\BUILDT~1\\VC\\Tools\\MSVC\\1444~1.352\\bin\\Hostx64\\x64\\cl.exe  /nologo   /nologo /DWIN32 /D_WINDOWS /utf-8 /MP   -D_GNU_SOURCE=1 /MDd /Z7 /Ob0 /Od /RTC1  -MDd /showIncludes /FoCMakeFiles\\cmTC_7b828.dir\\CheckIncludeFile.c.obj /FdCMakeFiles\\cmTC_7b828.dir\\ /FS -c C:\\Source\\projectm\\vcpkg_installed\\vcpkg\\blds\\sdl2\\x64-windows-dbg\\CMakeFiles\\CMakeScratch\\TryCompile-u4iufz\\CheckIncludeFile.c
        [2/2] C:\\WINDOWS\\system32\\cmd.exe /C "cd . && C:\\Users\\diegobaccino\\AppData\\Local\\vcpkg\\downloads\\tools\\cmake-3.30.1-windows\\cmake-3.30.1-windows-i386\\bin\\cmake.exe -E vs_link_exe --intdir=CMakeFiles\\cmTC_7b828.dir --rc=C:\\PROGRA~2\\WI3CF2~1\\10\\bin\\100261~1.0\\x64\\rc.exe --mt=C:\\PROGRA~2\\WI3CF2~1\\10\\bin\\100261~1.0\\x64\\mt.exe --manifests  -- C:\\PROGRA~2\\MICROS~2\\2022\\BUILDT~1\\VC\\Tools\\MSVC\\1444~1.352\\bin\\Hostx64\\x64\\link.exe /nologo CMakeFiles\\cmTC_7b828.dir\\CheckIncludeFile.c.obj  /out:cmTC_7b828.exe /implib:cmTC_7b828.lib /pdb:cmTC_7b828.pdb /version:0.0 /machine:x64  /nologo    /debug /INCREMENTAL /subsystem:console  kernel32.lib user32.lib gdi32.lib winspool.lib shell32.lib ole32.lib oleaut32.lib uuid.lib comdlg32.lib advapi32.lib && cd ."
        
      exitCode: 0
  -
    kind: "try_compile-v1"
    backtrace:
      - "C:/Users/diegobaccino/AppData/Local/vcpkg/downloads/tools/cmake-3.30.1-windows/cmake-3.30.1-windows-i386/share/cmake-3.30/Modules/CheckIncludeFile.cmake:90 (try_compile)"
      - "CMakeLists.txt:1868 (check_include_file)"
    checks:
      - "Looking for audioclient.h"
    directories:
      source: "C:/Source/projectm/vcpkg_installed/vcpkg/blds/sdl2/x64-windows-dbg/CMakeFiles/CMakeScratch/TryCompile-81p9jl"
      binary: "C:/Source/projectm/vcpkg_installed/vcpkg/blds/sdl2/x64-windows-dbg/CMakeFiles/CMakeScratch/TryCompile-81p9jl"
    cmakeVariables:
      CMAKE_C_FLAGS: " /nologo /DWIN32 /D_WINDOWS /utf-8 /MP "
      CMAKE_C_FLAGS_DEBUG: "/MDd /Z7 /Ob0 /Od /RTC1 "
      CMAKE_EXE_LINKER_FLAGS: "/machine:x64"
      CMAKE_MODULE_PATH: "C:/Source/projectm/vcpkg_installed/vcpkg/blds/sdl2/src/se-2.32.10-3b143ac573.clean/cmake"
      CMAKE_MSVC_DEBUG_INFORMATION_FORMAT: ""
      CMAKE_MSVC_RUNTIME_LIBRARY: "MultiThreaded$<$<CONFIG:Debug>:Debug>$<$<STREQUAL:dynamic,dynamic>:DLL>"
      VCPKG_CHAINLOAD_TOOLCHAIN_FILE: "C:/Program Files (x86)/Microsoft Visual Studio/2022/BuildTools/VC/vcpkg/scripts/toolchains/windows.cmake"
      VCPKG_CRT_LINKAGE: "dynamic"
      VCPKG_CXX_FLAGS: ""
      VCPKG_CXX_FLAGS_DEBUG: ""
      VCPKG_CXX_FLAGS_RELEASE: ""
      VCPKG_C_FLAGS: ""
      VCPKG_C_FLAGS_DEBUG: ""
      VCPKG_C_FLAGS_RELEASE: ""
      VCPKG_INSTALLED_DIR: "C:/Source/projectm/vcpkg_installed"
      VCPKG_LINKER_FLAGS: ""
      VCPKG_LINKER_FLAGS_DEBUG: ""
      VCPKG_LINKER_FLAGS_RELEASE: ""
      VCPKG_PLATFORM_TOOLSET: "v143"
      VCPKG_PREFER_SYSTEM_LIBS: "OFF"
      VCPKG_SET_CHARSET_FLAG: "ON"
      VCPKG_TARGET_ARCHITECTURE: "x64"
      VCPKG_TARGET_TRIPLET: "x64-windows"
      Z_VCPKG_ROOT_DIR: "C:/Program Files (x86)/Microsoft Visual Studio/2022/BuildTools/VC/vcpkg"
    buildResult:
      variable: "HAVE_AUDIOCLIENT_H"
      cached: true
      stdout: |
        Change Dir: 'C:/Source/projectm/vcpkg_installed/vcpkg/blds/sdl2/x64-windows-dbg/CMakeFiles/CMakeScratch/TryCompile-81p9jl'
        
        Run Build Command(s): C:/Users/diegobaccino/AppData/Local/vcpkg/downloads/tools/ninja/1.13.1-windows/ninja.exe -v cmTC_74b67
        [1/2] C:\\PROGRA~2\\MICROS~2\\2022\\BUILDT~1\\VC\\Tools\\MSVC\\1444~1.352\\bin\\Hostx64\\x64\\cl.exe  /nologo   /nologo /DWIN32 /D_WINDOWS /utf-8 /MP   -D_GNU_SOURCE=1 /MDd /Z7 /Ob0 /Od /RTC1  -MDd /showIncludes /FoCMakeFiles\\cmTC_74b67.dir\\CheckIncludeFile.c.obj /FdCMakeFiles\\cmTC_74b67.dir\\ /FS -c C:\\Source\\projectm\\vcpkg_installed\\vcpkg\\blds\\sdl2\\x64-windows-dbg\\CMakeFiles\\CMakeScratch\\TryCompile-81p9jl\\CheckIncludeFile.c
        [2/2] C:\\WINDOWS\\system32\\cmd.exe /C "cd . && C:\\Users\\diegobaccino\\AppData\\Local\\vcpkg\\downloads\\tools\\cmake-3.30.1-windows\\cmake-3.30.1-windows-i386\\bin\\cmake.exe -E vs_link_exe --intdir=CMakeFiles\\cmTC_74b67.dir --rc=C:\\PROGRA~2\\WI3CF2~1\\10\\bin\\100261~1.0\\x64\\rc.exe --mt=C:\\PROGRA~2\\WI3CF2~1\\10\\bin\\100261~1.0\\x64\\mt.exe --manifests  -- C:\\PROGRA~2\\MICROS~2\\2022\\BUILDT~1\\VC\\Tools\\MSVC\\1444~1.352\\bin\\Hostx64\\x64\\link.exe /nologo CMakeFiles\\cmTC_74b67.dir\\CheckIncludeFile.c.obj  /out:cmTC_74b67.exe /implib:cmTC_74b67.lib /pdb:cmTC_74b67.pdb /version:0.0 /machine:x64  /nologo    /debug /INCREMENTAL /subsystem:console  kernel32.lib user32.lib gdi32.lib winspool.lib shell32.lib ole32.lib oleaut32.lib uuid.lib comdlg32.lib advapi32.lib && cd ."
        
      exitCode: 0
  -
    kind: "try_compile-v1"
    backtrace:
      - "C:/Users/diegobaccino/AppData/Local/vcpkg/downloads/tools/cmake-3.30.1-windows/cmake-3.30.1-windows-i386/share/cmake-3.30/Modules/CheckIncludeFile.cmake:90 (try_compile)"
      - "CMakeLists.txt:1869 (check_include_file)"
    checks:
      - "Looking for sensorsapi.h"
    directories:
      source: "C:/Source/projectm/vcpkg_installed/vcpkg/blds/sdl2/x64-windows-dbg/CMakeFiles/CMakeScratch/TryCompile-wqryix"
      binary: "C:/Source/projectm/vcpkg_installed/vcpkg/blds/sdl2/x64-windows-dbg/CMakeFiles/CMakeScratch/TryCompile-wqryix"
    cmakeVariables:
      CMAKE_C_FLAGS: " /nologo /DWIN32 /D_WINDOWS /utf-8 /MP "
      CMAKE_C_FLAGS_DEBUG: "/MDd /Z7 /Ob0 /Od /RTC1 "
      CMAKE_EXE_LINKER_FLAGS: "/machine:x64"
      CMAKE_MODULE_PATH: "C:/Source/projectm/vcpkg_installed/vcpkg/blds/sdl2/src/se-2.32.10-3b143ac573.clean/cmake"
      CMAKE_MSVC_DEBUG_INFORMATION_FORMAT: ""
      CMAKE_MSVC_RUNTIME_LIBRARY: "MultiThreaded$<$<CONFIG:Debug>:Debug>$<$<STREQUAL:dynamic,dynamic>:DLL>"
      VCPKG_CHAINLOAD_TOOLCHAIN_FILE: "C:/Program Files (x86)/Microsoft Visual Studio/2022/BuildTools/VC/vcpkg/scripts/toolchains/windows.cmake"
      VCPKG_CRT_LINKAGE: "dynamic"
      VCPKG_CXX_FLAGS: ""
      VCPKG_CXX_FLAGS_DEBUG: ""
      VCPKG_CXX_FLAGS_RELEASE: ""
      VCPKG_C_FLAGS: ""
      VCPKG_C_FLAGS_DEBUG: ""
      VCPKG_C_FLAGS_RELEASE: ""
      VCPKG_INSTALLED_DIR: "C:/Source/projectm/vcpkg_installed"
      VCPKG_LINKER_FLAGS: ""
      VCPKG_LINKER_FLAGS_DEBUG: ""
      VCPKG_LINKER_FLAGS_RELEASE: ""
      VCPKG_PLATFORM_TOOLSET: "v143"
      VCPKG_PREFER_SYSTEM_LIBS: "OFF"
      VCPKG_SET_CHARSET_FLAG: "ON"
      VCPKG_TARGET_ARCHITECTURE: "x64"
      VCPKG_TARGET_TRIPLET: "x64-windows"
      Z_VCPKG_ROOT_DIR: "C:/Program Files (x86)/Microsoft Visual Studio/2022/BuildTools/VC/vcpkg"
    buildResult:
      variable: "HAVE_SENSORSAPI_H"
      cached: true
      stdout: |
        Change Dir: 'C:/Source/projectm/vcpkg_installed/vcpkg/blds/sdl2/x64-windows-dbg/CMakeFiles/CMakeScratch/TryCompile-wqryix'
        
        Run Build Command(s): C:/Users/diegobaccino/AppData/Local/vcpkg/downloads/tools/ninja/1.13.1-windows/ninja.exe -v cmTC_fa59a
        [1/2] C:\\PROGRA~2\\MICROS~2\\2022\\BUILDT~1\\VC\\Tools\\MSVC\\1444~1.352\\bin\\Hostx64\\x64\\cl.exe  /nologo   /nologo /DWIN32 /D_WINDOWS /utf-8 /MP   -D_GNU_SOURCE=1 /MDd /Z7 /Ob0 /Od /RTC1  -MDd /showIncludes /FoCMakeFiles\\cmTC_fa59a.dir\\CheckIncludeFile.c.obj /FdCMakeFiles\\cmTC_fa59a.dir\\ /FS -c C:\\Source\\projectm\\vcpkg_installed\\vcpkg\\blds\\sdl2\\x64-windows-dbg\\CMakeFiles\\CMakeScratch\\TryCompile-wqryix\\CheckIncludeFile.c
        [2/2] C:\\WINDOWS\\system32\\cmd.exe /C "cd . && C:\\Users\\diegobaccino\\AppData\\Local\\vcpkg\\downloads\\tools\\cmake-3.30.1-windows\\cmake-3.30.1-windows-i386\\bin\\cmake.exe -E vs_link_exe --intdir=CMakeFiles\\cmTC_fa59a.dir --rc=C:\\PROGRA~2\\WI3CF2~1\\10\\bin\\100261~1.0\\x64\\rc.exe --mt=C:\\PROGRA~2\\WI3CF2~1\\10\\bin\\100261~1.0\\x64\\mt.exe --manifests  -- C:\\PROGRA~2\\MICROS~2\\2022\\BUILDT~1\\VC\\Tools\\MSVC\\1444~1.352\\bin\\Hostx64\\x64\\link.exe /nologo CMakeFiles\\cmTC_fa59a.dir\\CheckIncludeFile.c.obj  /out:cmTC_fa59a.exe /implib:cmTC_fa59a.lib /pdb:cmTC_fa59a.pdb /version:0.0 /machine:x64  /nologo    /debug /INCREMENTAL /subsystem:console  kernel32.lib user32.lib gdi32.lib winspool.lib shell32.lib ole32.lib oleaut32.lib uuid.lib comdlg32.lib advapi32.lib && cd ."
        
      exitCode: 0
  -
    kind: "try_compile-v1"
    backtrace:
      - "C:/Users/diegobaccino/AppData/Local/vcpkg/downloads/tools/cmake-3.30.1-windows/cmake-3.30.1-windows-i386/share/cmake-3.30/Modules/CheckIncludeFile.cmake:90 (try_compile)"
      - "CMakeLists.txt:1870 (check_include_file)"
    checks:
      - "Looking for shellscalingapi.h"
    directories:
      source: "C:/Source/projectm/vcpkg_installed/vcpkg/blds/sdl2/x64-windows-dbg/CMakeFiles/CMakeScratch/TryCompile-i59e79"
      binary: "C:/Source/projectm/vcpkg_installed/vcpkg/blds/sdl2/x64-windows-dbg/CMakeFiles/CMakeScratch/TryCompile-i59e79"
    cmakeVariables:
      CMAKE_C_FLAGS: " /nologo /DWIN32 /D_WINDOWS /utf-8 /MP "
      CMAKE_C_FLAGS_DEBUG: "/MDd /Z7 /Ob0 /Od /RTC1 "
      CMAKE_EXE_LINKER_FLAGS: "/machine:x64"
      CMAKE_MODULE_PATH: "C:/Source/projectm/vcpkg_installed/vcpkg/blds/sdl2/src/se-2.32.10-3b143ac573.clean/cmake"
      CMAKE_MSVC_DEBUG_INFORMATION_FORMAT: ""
      CMAKE_MSVC_RUNTIME_LIBRARY: "MultiThreaded$<$<CONFIG:Debug>:Debug>$<$<STREQUAL:dynamic,dynamic>:DLL>"
      VCPKG_CHAINLOAD_TOOLCHAIN_FILE: "C:/Program Files (x86)/Microsoft Visual Studio/2022/BuildTools/VC/vcpkg/scripts/toolchains/windows.cmake"
      VCPKG_CRT_LINKAGE: "dynamic"
      VCPKG_CXX_FLAGS: ""
      VCPKG_CXX_FLAGS_DEBUG: ""
      VCPKG_CXX_FLAGS_RELEASE: ""
      VCPKG_C_FLAGS: ""
      VCPKG_C_FLAGS_DEBUG: ""
      VCPKG_C_FLAGS_RELEASE: ""
      VCPKG_INSTALLED_DIR: "C:/Source/projectm/vcpkg_installed"
      VCPKG_LINKER_FLAGS: ""
      VCPKG_LINKER_FLAGS_DEBUG: ""
      VCPKG_LINKER_FLAGS_RELEASE: ""
      VCPKG_PLATFORM_TOOLSET: "v143"
      VCPKG_PREFER_SYSTEM_LIBS: "OFF"
      VCPKG_SET_CHARSET_FLAG: "ON"
      VCPKG_TARGET_ARCHITECTURE: "x64"
      VCPKG_TARGET_TRIPLET: "x64-windows"
      Z_VCPKG_ROOT_DIR: "C:/Program Files (x86)/Microsoft Visual Studio/2022/BuildTools/VC/vcpkg"
    buildResult:
      variable: "HAVE_SHELLSCALINGAPI_H"
      cached: true
      stdout: |
        Change Dir: 'C:/Source/projectm/vcpkg_installed/vcpkg/blds/sdl2/x64-windows-dbg/CMakeFiles/CMakeScratch/TryCompile-i59e79'
        
        Run Build Command(s): C:/Users/diegobaccino/AppData/Local/vcpkg/downloads/tools/ninja/1.13.1-windows/ninja.exe -v cmTC_42fbe
        [1/2] C:\\PROGRA~2\\MICROS~2\\2022\\BUILDT~1\\VC\\Tools\\MSVC\\1444~1.352\\bin\\Hostx64\\x64\\cl.exe  /nologo   /nologo /DWIN32 /D_WINDOWS /utf-8 /MP   -D_GNU_SOURCE=1 /MDd /Z7 /Ob0 /Od /RTC1  -MDd /showIncludes /FoCMakeFiles\\cmTC_42fbe.dir\\CheckIncludeFile.c.obj /FdCMakeFiles\\cmTC_42fbe.dir\\ /FS -c C:\\Source\\projectm\\vcpkg_installed\\vcpkg\\blds\\sdl2\\x64-windows-dbg\\CMakeFiles\\CMakeScratch\\TryCompile-i59e79\\CheckIncludeFile.c
        [2/2] C:\\WINDOWS\\system32\\cmd.exe /C "cd . && C:\\Users\\diegobaccino\\AppData\\Local\\vcpkg\\downloads\\tools\\cmake-3.30.1-windows\\cmake-3.30.1-windows-i386\\bin\\cmake.exe -E vs_link_exe --intdir=CMakeFiles\\cmTC_42fbe.dir --rc=C:\\PROGRA~2\\WI3CF2~1\\10\\bin\\100261~1.0\\x64\\rc.exe --mt=C:\\PROGRA~2\\WI3CF2~1\\10\\bin\\100261~1.0\\x64\\mt.exe --manifests  -- C:\\PROGRA~2\\MICROS~2\\2022\\BUILDT~1\\VC\\Tools\\MSVC\\1444~1.352\\bin\\Hostx64\\x64\\link.exe /nologo CMakeFiles\\cmTC_42fbe.dir\\CheckIncludeFile.c.obj  /out:cmTC_42fbe.exe /implib:cmTC_42fbe.lib /pdb:cmTC_42fbe.pdb /version:0.0 /machine:x64  /nologo    /debug /INCREMENTAL /subsystem:console  kernel32.lib user32.lib gdi32.lib winspool.lib shell32.lib ole32.lib oleaut32.lib uuid.lib comdlg32.lib advapi32.lib && cd ."
        
      exitCode: 0
...
